"Symbol","Series","Date","PrevClose","OpenPrice","HighPrice","LowPrice","LastPrice","ClosePrice","AveragePrice","TotalTradedQuantity","Turnover","No.ofTrades","DeliverableQty","%DlyQttoTradedQty"
"20MICRONS","EQ","08-Sep-2022","104.65","105.50","109.00","105.00","105.05","105.45","106.50","185612","19768174.45","2798","94572","50.95"
"20MICRONS","EQ","09-Sep-2022","105.45","106.40","106.70","102.40","103.40","103.55","103.99","203318","21142666.55","4156","101168","49.76"
"20MICRONS","EQ","12-Sep-2022","103.55","103.60","112.45","103.60","109.50","110.15","108.46","607895","65934436.95","7255","296389","48.76"
"20MICRONS","EQ","13-Sep-2022","110.15","112.00","113.60","106.70","108.35","108.15","110.20","433857","47809604.45","5941","175899","40.54"
"20MICRONS","EQ","14-Sep-2022","108.15","107.50","115.65","104.50","110.70","110.55","111.21","722463","80341719.50","11372","275420","38.12"
"20MICRONS","EQ","15-Sep-2022","110.55","111.40","112.55","108.10","110.20","109.45","109.92","231255","25419578.75","4562","99072","42.84"
"20MICRONS","EQ","16-Sep-2022","109.45","108.80","109.45","105.50","107.55","107.25","107.33","326541","35047847.20","5068","155669","47.67"
"20MICRONS","EQ","19-Sep-2022","107.25","107.75","110.30","105.50","106.50","106.85","108.05","204708","22118640.05","4500","75231","36.75"
"20MICRONS","EQ","20-Sep-2022","106.85","107.70","110.40","106.85","108.00","107.65","108.39","180559","19570040.40","3723","77289","42.81"
"20MICRONS","EQ","21-Sep-2022","107.65","108.00","108.15","104.25","104.90","104.75","105.91","180833","19151151.95","3695","91985","50.87"
"20MICRONS","EQ","22-Sep-2022","104.75","104.90","108.50","104.40","107.20","107.30","106.61","195282","20819856.40","3658","109157","55.90"
"20MICRONS","EQ","23-Sep-2022","107.30","107.20","109.85","104.60","105.20","105.70","106.96","202647","21675199.90","4017","104530","51.58"
"20MICRONS","EQ","26-Sep-2022","105.70","105.00","105.20","95.00","96.00","96.50","98.09","405004","39725616.15","8742","164020","40.50"
"20MICRONS","EQ","27-Sep-2022","96.50","97.20","99.40","93.75","97.25","96.90","96.37","220083","21209677.90","4785","89459","43.37"
"20MICRONS","EQ","28-Sep-2022","96.90","95.50","96.90","94.00","94.00","94.40","95.41","152843","14583508.90","4143","62801","41.09"
"20MICRONS","EQ","29-Sep-2022","94.40","96.45","98.70","95.45","96.55","96.35","96.93","136190","13200988.15","3056","50736","37.25"
"20MICRONS","EQ","30-Sep-2022","96.35","95.50","99.30","95.50","98.00","97.75","97.50","164045","15994238.65","3671","70892","43.21"
"20MICRONS","EQ","03-Oct-2022","97.75","97.95","98.85","95.00","95.30","95.55","96.88","101234","9807696.10","3911","37382","36.93"
"20MICRONS","EQ","04-Oct-2022","95.55","97.10","98.30","95.65","97.15","97.75","97.15","109702","10657761.85","2403","51139","46.62"
"20MICRONS","EQ","06-Oct-2022","97.75","98.25","100.65","97.80","98.85","98.60","98.95","108485","10734663.10","2539","46557","42.92"
"20MICRONS","EQ","07-Oct-2022","98.60","99.00","101.95","97.55","100.20","100.40","99.98","142139","14210661.50","3123","63967","45.00"
"20MICRONS","EQ","10-Oct-2022","100.40","99.40","100.30","98.05","99.50","99.15","99.05","73407","7270782.40","2279","38734","52.77"
"20MICRONS","EQ","11-Oct-2022","99.15","98.40","101.55","96.70","97.80","97.65","98.87","108443","10721852.55","2537","49293","45.46"
"20MICRONS","EQ","12-Oct-2022","97.65","98.05","98.25","96.20","97.25","96.85","97.10","88261","8569907.70","2363","44571","50.50"
"20MICRONS","EQ","13-Oct-2022","96.85","96.85","97.85","95.40","96.25","95.95","96.39","56206","5417799.75","1996","33265","59.18"
"20MICRONS","EQ","14-Oct-2022","95.95","97.00","97.75","93.15","94.60","94.50","95.69","90129","8624510.40","2478","48897","54.25"
"20MICRONS","EQ","17-Oct-2022","94.50","94.50","95.40","93.00","93.80","94.10","94.24","54373","5123943.20","1673","29934","55.05"
"20MICRONS","EQ","18-Oct-2022","94.10","94.90","96.90","93.05","93.80","93.50","94.57","116446","11012138.50","2494","78048","67.03"
"20MICRONS","EQ","19-Oct-2022","93.50","94.00","95.95","91.35","92.90","92.50","93.56","126085","11796163.15","3175","81995","65.03"
"20MICRONS","EQ","20-Oct-2022","92.50","92.40","94.20","90.50","91.70","91.25","92.04","103507","9526343.55","2759","63672","61.51"
"20MICRONS","EQ","21-Oct-2022","91.25","92.00","93.95","90.00","90.45","90.50","91.23","89828","8194960.65","2292","51770","64.51"
"20MICRONS","EQ","24-Oct-2022","90.50","91.90","92.50","89.85","91.75","91.55","91.21","44325","4042704.65","962","30018","67.72"
"20MICRONS","EQ","25-Oct-2022","91.55","92.25","92.25","89.20","89.50","89.65","90.82","101692","9235527.55","2429","53728","52.83"
"20MICRONS","EQ","27-Oct-2022","89.65","89.90","91.95","87.40","88.35","88.25","89.16","189125","16861669.40","3755","98074","51.86"
"20MICRONS","EQ","28-Oct-2022","88.25","88.60","90.50","87.55","89.20","88.20","88.88","106513","9467327.05","2257","39806","58.49"
"20MICRONS","EQ","31-Oct-2022","88.20","90.65","90.65","87.25","88.80","88.95","89.13","110939","9888018.30","2170","43073","38.83"
"20MICRONS","EQ","01-Nov-2022","88.95","89.60","91.00","88.35","90.55","90.60","89.74","98015","8795795.30","1956","45945","46.88"
"20MICRONS","EQ","02-Nov-2022","90.60","90.60","93.40","88.50","89.30","89.00","90.68","223790","20294191.70","5012","118669","53.03"
"20MICRONS","EQ","03-Nov-2022","89.00","88.45","89.45","88.05","88.95","88.40","88.81","59965","5325296.15","2234","30319","50.56"
"20MICRONS","EQ","04-Nov-2022","88.40","88.40","93.00","88.40","91.50","91.40","91.46","196800","17999232.25","4143","95952","48.76"
"20MICRONS","EQ","07-Nov-2022","91.40","92.20","93.70","91.60","92.25","92.45","92.71","175227","16245986.40","3650","88214","50.34"
"20MICRONS","EQ","09-Nov-2022","92.45","93.10","95.65","92.45","94.60","94.25","94.38","163693","15448988.05","3514","94524","57.74"
"20MICRONS","EQ","10-Nov-2022","94.25","94.00","94.00","91.00","92.40","92.10","92.40","79737","7367319.15","2439","47482","59.55"
"20MICRONS","EQ","11-Nov-2022","92.10","93.50","97.40","92.20","94.00","95.40","94.65","237768","22503843.70","3808","112060","47.13"
"20MICRONS","EQ","14-Nov-2022","95.40","95.90","95.90","92.40","93.00","92.70","93.24","166512","15525290.70","3296","116930","70.22"
"20MICRONS","EQ","15-Nov-2022","92.70","93.15","99.90","92.25","98.05","98.10","97.92","510509","49987188.95","9777","225801","44.23"
"20MICRONS","EQ","16-Nov-2022","98.10","98.60","99.20","94.20","95.40","94.90","95.97","204211","19598870.75","4229","113530","66.95"
"20MICRONS","EQ","17-Nov-2022","94.90","95.20","95.25","93.80","95.00","94.40","94.35","69166","6525955.80","2358","34318","49.62"
"20MICRONS","EQ","18-Nov-2022","94.40","95.60","98.50","92.20","93.00","93.05","93.77","106022","9942184.60","3561","45434","42.85"
"20MICRONS","EQ","21-Nov-2022","93.05","93.05","94.40","88.70","91.30","89.85","91.10","202644","18460754.30","4756","112301","55.42"
"20MICRONS","EQ","22-Nov-2022","89.85","90.10","92.40","90.10","91.00","91.30","91.30","81087","7403534.60","2653","41121","50.71"
"20MICRONS","EQ","23-Nov-2022","91.30","91.70","92.30","90.20","91.20","90.95","91.28","66125","6035751.00","2176","36219","54.77"
"20MICRONS","EQ","24-Nov-2022","90.95","91.40","93.80","91.00","92.40","92.30","92.66","122177","11321295.65","2954","55624","45.53"
"20MICRONS","EQ","25-Nov-2022","92.30","92.00","94.30","91.80","92.95","92.70","93.07","90133","8388697.75","2614","42415","47.06"
"20MICRONS","EQ","28-Nov-2022","92.70","93.05","94.45","93.00","93.60","93.25","93.71","91431","8568365.05","1778","49701","54.36"
"20MICRONS","EQ","29-Nov-2022","93.25","93.45","94.80","92.70","93.05","93.20","93.61","76096","7123618.60","1919","35264","46.34"
"20MICRONS","EQ","30-Nov-2022","93.20","93.60","94.25","92.55","93.95","93.25","93.38","83320","7780628.10","1714","42395","50.88"
"20MICRONS","EQ","01-Dec-2022","93.25","93.70","95.50","92.65","93.50","93.20","93.70","117753","11033794.55","1969","43701","37.11"
"20MICRONS","EQ","02-Dec-2022","93.20","92.40","96.30","92.40","94.50","94.90","94.96","181872","17270211.40","3159","90265","49.63"
"20MICRONS","EQ","05-Dec-2022","94.90","95.30","96.85","94.50","95.45","95.15","95.42","144360","13775032.25","2331","78753","54.55"
"20MICRONS","EQ","06-Dec-2022","95.15","95.10","95.45","93.55","93.95","93.80","94.29","76757","7237693.25","1982","42898","55.89"
,,,,,,,,,,,,,,
"21STCENMGM","EQ","08-Sep-2022","27.20","26.85","27.65","26.75","26.85","26.95","27.27","9897","269938.10","82","5831","58.92"
"21STCENMGM","EQ","09-Sep-2022","26.95","26.85","27.40","26.45","26.45","26.50","26.65","7201","191887.20","110","3361","46.67"
"21STCENMGM","EQ","12-Sep-2022","26.50","26.00","26.95","26.00","26.80","26.70","26.33","16655","438493.80","144","8895","53.41"
"21STCENMGM","EQ","13-Sep-2022","26.70","27.20","27.20","26.20","26.25","26.40","26.59","11004","292556.70","209","5645","51.30"
"21STCENMGM","EQ","14-Sep-2022","26.40","26.90","26.90","25.90","26.50","26.10","26.26","7393","194130.75","161","3630","49.10"
"21STCENMGM","EQ","15-Sep-2022","26.10","26.45","26.45","25.60","25.60","25.60","25.86","4914","127069.80","116","1593","32.42"
"21STCENMGM","EQ","16-Sep-2022","25.60","25.95","25.95","25.10","25.10","25.10","25.34","5008","126882.65","141","2081","41.55"
"21STCENMGM","EQ","19-Sep-2022","25.10","25.60","25.60","24.60","24.60","24.60","24.69","2521","62252.95","54","2451","97.22"
"21STCENMGM","EQ","20-Sep-2022","24.60","24.90","24.90","24.15","24.50","24.25","24.35","11816","287747.65","97","7367","62.35"
"21STCENMGM","EQ","21-Sep-2022","24.25","24.25","24.70","24.00","24.70","24.70","24.44","14243","348135.75","239","10906","76.57"
"21STCENMGM","EQ","22-Sep-2022","24.70","24.25","25.15","24.25","25.15","25.15","25.05","11163","279622.75","70","9871","88.43"
"21STCENMGM","EQ","23-Sep-2022","25.15","25.15","25.65","25.15","25.20","25.20","25.51","7319","186722.85","61","6789","92.76"
"21STCENMGM","EQ","26-Sep-2022","25.20","24.70","25.30","24.70","24.70","24.70","24.85","6470","160811.00","77","4106","63.46"
"21STCENMGM","EQ","27-Sep-2022","24.70","25.10","25.10","24.25","24.60","24.45","24.34","18213","443291.60","92","13957","77.56"
"21STCENMGM","EQ","28-Sep-2022","24.45","24.05","24.60","24.00","24.00","24.20","24.23","9897","239817.20","101","6096","61.59"
"21STCENMGM","EQ","29-Sep-2022","24.20","23.75","23.95","23.75","23.75","23.75","23.80","1500","35700.35","31","1500","100.00"
"21STCENMGM","EQ","30-Sep-2022","23.75","23.40","23.40","23.30","23.30","23.30","23.31","1406","32772.20","29","1406","100.00"
"21STCENMGM","EQ","03-Oct-2022","23.30","22.85","22.85","22.85","22.85","22.85","22.85","3133","71589.05","32","3133","100.00"
"21STCENMGM","EQ","04-Oct-2022","22.85","22.55","23.25","22.40","22.60","22.70","22.70","20026","454545.45","122","10678","53.32"
"21STCENMGM","EQ","06-Oct-2022","22.70","23.15","23.15","22.30","22.75","23.05","22.92","9811","224891.60","118","5934","60.48"
"21STCENMGM","EQ","07-Oct-2022","23.05","23.00","23.50","23.00","23.50","23.50","23.38","4735","110724.50","31","3645","76.98"
"21STCENMGM","EQ","10-Oct-2022","23.50","23.05","23.85","23.05","23.85","23.75","23.39","30329","709339.95","99","16076","53.01"
"21STCENMGM","EQ","11-Oct-2022","23.75","24.15","24.15","23.40","23.40","23.40","23.64","4931","116573.05","111","3164","64.17"
"21STCENMGM","EQ","12-Oct-2022","23.40","23.05","23.50","23.05","23.15","23.15","23.19","4557","105690.40","75","3875","85.03"
"21STCENMGM","EQ","13-Oct-2022","23.15","23.15","23.60","22.80","23.00","23.30","23.09","5194","119943.70","102","1875","36.10"
"21STCENMGM","EQ","14-Oct-2022","23.30","22.85","23.75","22.85","23.30","23.30","23.15","5631","130342.10","78","3110","55.23"
"21STCENMGM","EQ","17-Oct-2022","23.30","23.65","23.65","22.90","23.45","23.00","23.16","3912","90590.70","78","1421","36.32"
"21STCENMGM","EQ","18-Oct-2022","23.00","23.45","23.45","22.70","23.40","22.85","22.89","3644","83406.35","64","2036","55.87"
"21STCENMGM","EQ","19-Oct-2022","22.85","22.45","23.00","22.45","22.95","22.90","22.80","4539","103508.45","72","1902","41.90"
"21STCENMGM","EQ","20-Oct-2022","22.90","22.80","23.35","22.50","22.70","22.55","22.63","9758","220794.30","118","6125","62.77"
"21STCENMGM","EQ","21-Oct-2022","22.55","22.55","22.90","22.20","22.20","22.30","22.58","4494","101460.70","109","1379","37.72"
"21STCENMGM","EQ","24-Oct-2022","22.30","22.20","22.55","22.20","22.55","22.50","22.49","1229","27641.90","16","332","27.01"
"21STCENMGM","EQ","25-Oct-2022","22.50","22.95","22.95","22.05","22.05","22.10","22.23","12815","284849.90","88","7280","56.81"
"21STCENMGM","EQ","27-Oct-2022","22.10","22.05","22.05","21.75","22.00","22.00","21.88","2454","53690.25","52","2452","99.92"
"21STCENMGM","EQ","28-Oct-2022","22.00","22.00","22.40","21.70","22.40","22.40","22.06","5054","111501.35","73","1893","40.77"
"21STCENMGM","EQ","31-Oct-2022","22.40","22.40","22.80","22.00","22.80","22.80","22.52","2801","63086.10","27","1752","62.55"
"21STCENMGM","EQ","01-Nov-2022","22.80","23.25","23.25","22.55","23.10","23.00","23.02","8471","195041.75","89","5321","62.81"
"21STCENMGM","EQ","02-Nov-2022","23.00","23.00","23.40","22.60","22.60","22.60","22.90","6274","143649.05","94","3496","55.72"
"21STCENMGM","EQ","03-Nov-2022","22.60","22.65","23.05","22.40","23.00","23.05","22.95","10841","248808.35","75","8194","75.58"
"21STCENMGM","EQ","04-Nov-2022","23.05","23.00","23.30","22.75","22.75","22.75","22.95","6205","142398.20","70","3926","63.27"
"21STCENMGM","EQ","07-Nov-2022","22.75","22.75","23.15","22.40","22.90","22.85","22.72","5693","129360.25","90","5652","99.28"
"21STCENMGM","EQ","09-Nov-2022","22.85","22.85","23.25","22.70","23.15","23.15","22.99","4899","112616.00","81","4765","97.26"
"21STCENMGM","EQ","10-Nov-2022","23.15","23.50","23.60","23.20","23.60","23.60","23.57","12517","295041.80","91","11364","90.79"
"21STCENMGM","EQ","11-Nov-2022","23.60","23.70","24.05","23.15","23.15","23.20","23.41","19090","446946.25","185","10806","56.61"
"21STCENMGM","EQ","14-Nov-2022","23.20","22.75","23.30","22.75","22.75","22.75","22.88","3820","87418.30","60","2443","63.95"
"21STCENMGM","EQ","15-Nov-2022","22.75","22.75","22.95","22.30","22.30","22.30","22.56","13017","293604.25","91","10034","77.08"
"21STCENMGM","EQ","16-Nov-2022","22.30","22.30","22.45","21.90","21.90","21.90","22.09","11478","253518.05","85","7237","76.98"
"21STCENMGM","EQ","17-Nov-2022","21.90","21.65","22.25","21.65","21.75","22.05","21.85","7944","173571.65","112","5109","64.31"
"21STCENMGM","EQ","18-Nov-2022","22.05","22.00","22.40","21.70","22.30","22.20","22.02","4849","106776.10","62","2823","58.22"
"21STCENMGM","EQ","21-Nov-2022","22.20","22.30","22.50","21.80","22.00","22.00","22.13","7111","157331.70","61","4435","62.37"
"21STCENMGM","EQ","22-Nov-2022","22.00","21.80","22.40","21.80","22.40","22.40","22.19","3152","69935.90","37","1550","49.18"
"21STCENMGM","EQ","23-Nov-2022","22.40","22.40","22.60","22.00","22.55","22.40","22.35","5030","112420.35","69","3366","66.92"
"21STCENMGM","EQ","24-Nov-2022","22.40","22.25","22.80","22.20","22.60","22.35","22.42","5452","122210.10","72","2845","52.18"
"21STCENMGM","EQ","25-Nov-2022","22.35","22.10","22.75","22.10","22.75","22.75","22.46","4613","103608.35","67","2589","56.12"
"21STCENMGM","EQ","28-Nov-2022","22.75","22.75","23.20","22.30","22.75","22.85","22.68","16992","385328.90","127","7518","44.24"
"21STCENMGM","EQ","29-Nov-2022","22.85","22.40","22.95","22.40","22.60","22.70","22.72","6305","143241.10","67","2897","45.95"
"21STCENMGM","EQ","30-Nov-2022","22.70","22.40","22.95","22.25","22.45","22.35","22.45","7492","168171.90","101","4523","60.37"
"21STCENMGM","EQ","01-Dec-2022","22.35","22.10","22.75","22.10","22.75","22.45","22.43","5754","129090.65","80","2687","46.70"
"21STCENMGM","EQ","02-Dec-2022","22.45","22.55","22.80","22.15","22.25","22.30","22.39","7331","164153.80","79","3125","42.63"
"21STCENMGM","EQ","05-Dec-2022","22.30","22.70","22.70","22.10","22.70","22.30","22.39","15183","339954.80","128","8657","57.02"
"21STCENMGM","EQ","06-Dec-2022","22.30","22.70","22.70","22.25","22.70","22.55","22.54","5744","129471.20","65","3430","59.71"
,,,,,,,,,,,,,,
"3MINDIA","EQ","08-Sep-2022","22780.60","22825.00","22990.00","22601.00","22720.00","22739.50","22738.03","1659","37722392.00","891","896","54.01"
"3MINDIA","EQ","09-Sep-2022","22739.50","22999.95","22999.95","22656.55","22889.90","22839.95","22799.98","1150","26219981.85","569","676","58.78"
"3MINDIA","EQ","12-Sep-2022","22839.95","22839.95","22925.00","22725.05","22795.00","22806.15","22842.79","6215","141967955.30","1338","4948","79.61"
"3MINDIA","EQ","13-Sep-2022","22806.15","22949.95","22949.95","22650.00","22850.00","22802.15","22773.03","2061","46935210.80","1191","1402","68.03"
"3MINDIA","EQ","14-Sep-2022","22802.15","22796.00","22835.00","22556.95","22788.60","22811.15","22751.24","1179","26823709.95","561","763","64.72"
"3MINDIA","EQ","15-Sep-2022","22811.15","22875.00","22976.75","22550.15","22850.00","22873.45","22837.82","2483","56706305.35","916","1666","67.10"
"3MINDIA","EQ","16-Sep-2022","22873.45","22628.00","24357.00","22628.00","23700.00","23938.10","23829.69","13621","324584197.00","6915","5883","43.19"
"3MINDIA","EQ","19-Sep-2022","23938.10","24200.00","24200.00","22940.00","23660.00","23441.90","23325.51","7648","178393476.20","4145","2912","38.08"
"3MINDIA","EQ","20-Sep-2022","23441.90","23550.00","24331.75","23449.20","23900.00","23919.55","24028.99","4895","117621885.55","3227","1892","38.65"
"3MINDIA","EQ","21-Sep-2022","23919.55","23900.00","24114.95","22900.00","22935.05","22986.65","23298.89","3352","78097872.40","2235","1614","48.15"
"3MINDIA","EQ","22-Sep-2022","22986.65","23000.00","23970.00","22900.00","23593.00","23828.25","23616.90","7067","166900648.75","4622","2951","41.76"
"3MINDIA","EQ","23-Sep-2022","23828.25","23600.00","23898.95","23100.00","23645.30","23713.00","23443.32","8135","190711403.95","3271","5482","67.39"
"3MINDIA","EQ","26-Sep-2022","23713.00","23240.00","23939.85","22620.00","23564.10","23743.45","22967.24","11820","271472835.70","4739","7853","66.44"
"3MINDIA","EQ","27-Sep-2022","23743.45","23775.00","23907.80","23038.05","23515.00","23687.70","23503.85","3691","86752709.90","2314","768","41.69"
"3MINDIA","EQ","28-Sep-2022","23687.70","23515.00","23970.00","23200.00","23796.70","23876.65","23742.41","3850","91408282.85","2661","1859","48.29"
"3MINDIA","EQ","29-Sep-2022","23876.65","23996.05","24225.00","23280.50","23995.00","24086.55","23822.78","4076","97101649.60","2701","1696","41.61"
"3MINDIA","EQ","30-Sep-2022","24086.55","23900.00","24850.00","23821.90","24355.00","24606.30","24436.81","5968","145838878.50","3131","2810","47.08"
"3MINDIA","BL","03-Oct-2022","17100.00","24606.30","24606.30","24606.30","24606.30","24606.30","24606.30","5599","137770673.70","1","-","-"
"3MINDIA","EQ","03-Oct-2022","24606.30","24900.00","24900.00","23675.05","23990.00","24295.30","24254.16","4824","117002069.50","2961","1988","41.21"
"3MINDIA","EQ","04-Oct-2022","24295.30","24400.00","24960.80","24344.60","24675.00","24792.50","24750.88","3383","83732227.60","2103","1207","35.68"
"3MINDIA","EQ","06-Oct-2022","24792.50","24693.00","25209.00","24693.00","25020.00","25130.70","24958.81","3704","92447440.30","1869","2097","56.61"
"3MINDIA","EQ","07-Oct-2022","25130.70","25000.00","25007.00","24365.05","24420.05","24464.95","24644.27","7540","185817790.15","3297","4511","59.83"
"3MINDIA","EQ","10-Oct-2022","24464.95","24305.00","24595.95","24154.95","24555.95","24517.65","24410.69","2048","49993098.15","1287","622","30.37"
"3MINDIA","EQ","11-Oct-2022","24517.65","24392.00","24397.95","23479.35","23606.00","23748.10","23879.86","7825","186859924.00","4200","3880","49.58"
"3MINDIA","EQ","12-Oct-2022","23748.10","23796.00","23800.00","23332.00","23361.05","23684.00","23554.68","3038","71559130.65","1726","1320","43.45"
"3MINDIA","EQ","13-Oct-2022","23684.00","23552.00","23588.10","23330.00","23429.85","23384.10","23413.68","3090","72348259.45","886","2293","74.21"
"3MINDIA","EQ","14-Oct-2022","23384.10","23501.05","23628.45","22825.75","22934.00","23003.45","23291.41","1856","43228851.80","1180","683","36.80"
"3MINDIA","EQ","17-Oct-2022","23003.45","22996.00","24200.00","22743.05","23502.00","23414.10","23519.62","5166","121502380.65","2611","2651","51.32"
"3MINDIA","EQ","18-Oct-2022","23414.10","23515.00","23840.00","23410.00","23515.00","23683.60","23679.99","3461","81956429.95","2094","1762","50.91"
"3MINDIA","EQ","19-Oct-2022","23683.60","23790.00","23821.30","23400.00","23400.00","23469.70","23607.40","1088","25684847.90","720","326","29.96"
"3MINDIA","EQ","20-Oct-2022","23469.70","23598.00","23598.00","23066.05","23120.00","23227.15","23253.06","2095","48715160.55","992","761","36.32"
"3MINDIA","EQ","21-Oct-2022","23227.15","23343.30","23490.00","22865.10","22950.05","22954.70","23023.58","2805","64581148.35","1209","1298","59.95"
"3MINDIA","EQ","24-Oct-2022","22954.70","23298.70","23298.70","23004.00","23051.25","23168.20","23208.57","268","6219895.95","206","145","54.10"
"3MINDIA","EQ","25-Oct-2022","23168.20","23196.00","23323.00","22811.00","22949.00","22922.10","23111.64","1041","24059212.85","684","394","37.85"
"3MINDIA","EQ","27-Oct-2022","22922.10","23171.00","23248.00","22506.60","22550.00","22610.30","22825.46","1547","35310986.80","996","875","56.56"
"3MINDIA","EQ","28-Oct-2022","22610.30","22610.30","23100.00","22580.30","23065.00","23040.45","22940.53","2830","64921692.20","1829","951","49.82"
"3MINDIA","EQ","31-Oct-2022","23040.45","23112.00","23321.00","22985.00","23321.00","23288.30","23221.64","4536","105333352.90","1081","3522","77.65"
"3MINDIA","EQ","01-Nov-2022","23288.30","23288.80","23388.00","22860.00","23199.40","23118.55","23129.82","2044","47277362.10","1460","1037","50.73"
"3MINDIA","EQ","02-Nov-2022","23118.55","23234.15","23950.00","23190.00","23374.90","23408.75","23526.20","2781","65426373.95","1725","1212","43.58"
"3MINDIA","EQ","03-Nov-2022","23408.75","23408.75","23500.00","23000.00","23150.00","23071.50","23211.49","1897","44032195.60","1078","995","52.45"
"3MINDIA","EQ","04-Nov-2022","23071.50","23178.00","23358.95","22801.00","22851.00","22871.95","22969.36","1318","30273620.15","642","809","61.38"
"3MINDIA","EQ","07-Nov-2022","22871.95","22986.35","23172.10","22291.00","22480.00","22400.70","22626.33","2778","62855931.55","1511","1681","60.51"
"3MINDIA","EQ","09-Nov-2022","22400.70","22840.00","24163.80","22301.00","23480.00","23483.95","23512.29","27624","649503515.95","9838","7684","27.82"
"3MINDIA","EQ","10-Nov-2022","23483.95","23699.95","23780.00","23280.00","23499.00","23564.00","23527.92","5789","136203136.10","2790","2394","41.35"
"3MINDIA","EQ","11-Nov-2022","23564.00","23950.00","24100.00","23577.10","23577.10","23680.85","23846.39","5242","125002760.90","2888","2915","55.61"
"3MINDIA","EQ","14-Nov-2022","23680.85","23799.00","24648.00","23630.20","24462.20","24483.70","24292.98","7862","190991439.40","4095","3130","39.81"
"3MINDIA","EQ","15-Nov-2022","24483.70","24650.00","24900.00","23844.15","24100.00","24134.40","24496.55","6457","158174246.65","3201","2750","42.59"
"3MINDIA","EQ","16-Nov-2022","24134.40","24150.00","24238.20","23856.10","23960.90","24014.60","24054.06","3514","84525951.55","1769","1254","44.34"
"3MINDIA","EQ","17-Nov-2022","24014.60","24000.00","24170.95","23839.75","23995.00","24004.75","23998.88","2679","64293000.10","1333","1391","51.92"
"3MINDIA","EQ","18-Nov-2022","24004.75","24124.80","24349.00","23957.25","24260.00","24316.05","24251.72","3550","86093596.70","1772","2072","58.37"
"3MINDIA","EQ","21-Nov-2022","24316.05","23970.00","23970.00","23311.00","23730.00","23738.55","23721.70","4007","95052840.05","2031","1740","43.42"
"3MINDIA","EQ","22-Nov-2022","23738.55","23600.00","23738.45","23001.00","23100.00","23168.15","23339.65","2662","62130144.80","1442","1069","40.16"
"3MINDIA","EQ","23-Nov-2022","23168.15","23248.00","23248.00","22900.00","22945.00","22974.45","23053.73","2450","56481631.95","1292","876","35.76"
"3MINDIA","EQ","24-Nov-2022","22974.45","22998.95","23200.00","22900.00","22900.00","22929.10","22999.47","1485","34154214.90","918","622","41.89"
"3MINDIA","EQ","25-Nov-2022","22929.10","22900.00","23187.95","22850.00","22851.00","22900.80","22917.68","7329","167963669.05","1407","6284","85.74"
"3MINDIA","EQ","28-Nov-2022","22900.80","22905.00","23290.50","22765.05","23258.00","23239.05","22958.07","12997","298386064.70","2097","11221","86.34"
"3MINDIA","EQ","29-Nov-2022","23239.05","23239.05","23465.75","23066.30","23449.00","23399.95","23322.95","1970","45946213.40","1146","894","45.38"
"3MINDIA","EQ","30-Nov-2022","23399.95","23390.00","23559.85","23167.00","23400.00","23353.50","23338.24","1930","45042800.75","1023","1090","56.48"
"3MINDIA","EQ","01-Dec-2022","23353.50","23549.00","23549.00","23300.00","23397.00","23386.95","23374.92","2182","51004075.30","1566","1086","49.77"
"3MINDIA","EQ","02-Dec-2022","23386.95","23210.25","23383.85","23000.00","23135.00","23149.35","23169.26","2258","52316180.10","853","1486","65.81"
"3MINDIA","EQ","05-Dec-2022","23149.35","23165.00","23237.35","22916.60","23120.00","23108.35","23070.16","1739","40119015.50","951","945","54.34"
"3MINDIA","EQ","06-Dec-2022","23108.35","23119.00","23175.15","22974.10","23075.00","23086.25","23055.05","1258","29003250.95","590","731","58.11"
,,,,,,,,,,,,,,
"3PLAND","EQ","08-Sep-2022","18.05","18.60","18.60","17.40","17.60","17.70","17.83","12126","216158.95","67","6157","50.78"
"3PLAND","EQ","09-Sep-2022","17.70","17.65","18.30","17.65","18.25","18.00","17.98","2043","36725.00","50","1797","87.96"
"3PLAND","EQ","12-Sep-2022","18.00","18.25","18.70","17.15","17.50","17.50","17.80","23437","417065.40","105","12915","55.11"
"3PLAND","EQ","13-Sep-2022","17.50","17.85","18.25","17.30","17.70","17.70","17.71","5531","97964.90","83","2883","52.12"
"3PLAND","EQ","14-Sep-2022","17.70","18.00","18.45","17.00","18.20","17.90","18.00","13436","241910.15","181","8165","60.77"
"3PLAND","EQ","15-Sep-2022","17.90","18.55","18.55","17.70","18.20","18.05","17.91","4045","72449.60","82","3682","91.03"
"3PLAND","EQ","16-Sep-2022","18.05","18.05","18.55","17.50","18.00","18.15","18.20","13362","243195.20","145","10349","77.45"
"3PLAND","EQ","19-Sep-2022","18.15","18.30","18.95","17.90","17.95","18.00","18.11","3414","61838.75","86","3290","96.37"
"3PLAND","EQ","20-Sep-2022","18.00","18.40","18.90","17.10","17.75","17.75","18.03","36876","664832.55","304","18211","49.38"
"3PLAND","EQ","21-Sep-2022","17.75","17.35","18.15","17.35","18.00","18.00","18.00","2672","48108.30","18","2203","82.45"
"3PLAND","EQ","22-Sep-2022","18.00","17.40","18.35","17.40","18.35","18.30","18.05","4822","87015.20","54","3562","73.87"
"3PLAND","EQ","23-Sep-2022","18.30","18.30","18.30","17.50","18.00","17.60","17.75","3570","63372.65","36","2271","63.61"
"3PLAND","EQ","26-Sep-2022","17.60","17.70","18.20","16.95","17.45","17.45","17.24","2416","41644.20","64","1893","78.35"
"3PLAND","EQ","27-Sep-2022","17.45","17.90","17.90","17.20","17.30","17.30","17.38","997","17324.30","36","372","82.67"
"3PLAND","EQ","28-Sep-2022","17.30","16.60","17.60","16.60","17.30","16.85","16.99","2373","40325.90","41","1796","75.68"
"3PLAND","EQ","29-Sep-2022","16.85","16.30","17.45","16.30","16.80","16.75","16.84","3431","57788.45","48","2621","76.39"
"3PLAND","EQ","30-Sep-2022","16.75","16.30","17.45","16.30","16.70","16.70","16.99","1982","33670.00","63","963","48.59"
"3PLAND","EQ","03-Oct-2022","16.70","16.00","17.25","16.00","17.00","16.80","16.81","5966","100317.95","123","1708","28.63"
"3PLAND","EQ","04-Oct-2022","16.80","17.15","17.45","16.50","16.80","16.80","16.75","2264","37922.85","44","2006","88.60"
"3PLAND","EQ","06-Oct-2022","16.80","17.40","17.40","16.70","17.15","16.85","16.92","1302","22026.85","52","874","67.13"
"3PLAND","EQ","07-Oct-2022","16.85","16.70","17.55","16.65","17.55","17.00","17.02","11896","202490.70","43","11009","92.54"
"3PLAND","EQ","10-Oct-2022","17.00","17.35","17.70","16.70","17.70","17.70","17.03","1069","18209.20","47","691","64.64"
"3PLAND","EQ","11-Oct-2022","17.70","18.05","18.35","17.10","18.25","18.10","17.81","9664","172154.65","114","8497","87.92"
"3PLAND","EQ","12-Oct-2022","18.10","17.85","19.20","17.50","18.40","18.90","18.43","33578","618711.35","169","28129","83.77"
"3PLAND","EQ","13-Oct-2022","18.90","19.00","19.10","18.25","19.00","18.95","18.77","7773","145886.90","110","5560","71.53"
"3PLAND","EQ","14-Oct-2022","18.95","19.00","19.10","18.65","18.95","18.85","18.84","3870","72907.75","84","2778","71.78"
"3PLAND","EQ","17-Oct-2022","18.85","19.90","20.70","19.10","20.70","20.70","20.37","60369","1229739.65","350","49487","81.97"
"3PLAND","EQ","18-Oct-2022","20.70","21.50","22.75","19.05","19.80","19.95","20.56","81085","1667240.35","642","61364","75.68"
"3PLAND","EQ","19-Oct-2022","19.95","19.95","20.45","19.10","19.10","19.35","19.68","9806","192953.10","145","7101","72.41"
"3PLAND","EQ","20-Oct-2022","19.35","19.35","19.35","18.55","19.30","19.10","19.04","2532","48197.50","112","1504","59.40"
"3PLAND","EQ","21-Oct-2022","19.10","19.50","19.50","18.40","18.40","18.45","18.77","2551","47882.35","197","1840","89.62"
"3PLAND","EQ","24-Oct-2022","18.45","18.45","19.30","17.75","18.95","18.40","17.94","6674","119748.50","87","5593","83.80"
"3PLAND","EQ","25-Oct-2022","18.40","17.70","18.95","16.60","17.25","17.45","17.19","32759","563001.50","454","20903","63.81"
"3PLAND","EQ","27-Oct-2022","17.45","17.80","17.95","16.70","16.95","16.95","17.09","14782","252603.85","184","12105","81.89"
"3PLAND","EQ","28-Oct-2022","16.95","17.90","17.90","16.85","17.85","17.60","17.74","13963","247658.10","267","7859","72.84"
"3PLAND","EQ","31-Oct-2022","17.60","18.80","18.90","17.70","18.45","18.20","18.32","24283","444897.50","300","17889","73.67"
"3PLAND","EQ","01-Nov-2022","18.20","18.85","18.85","17.65","18.00","18.05","17.98","5895","106015.95","112","2876","48.79"
"3PLAND","EQ","02-Nov-2022","18.05","18.60","18.60","17.70","18.40","18.05","17.95","7238","129938.15","93","5611","77.52"
"3PLAND","EQ","03-Nov-2022","18.05","19.20","19.20","17.70","18.35","18.45","18.66","14206","265081.20","131","9869","69.47"
"3PLAND","EQ","04-Nov-2022","18.45","17.80","18.80","17.75","18.60","18.20","18.19","5056","91979.70","123","2289","45.27"
"3PLAND","EQ","07-Nov-2022","18.20","18.60","19.45","17.25","17.80","17.50","17.74","11423","202694.10","171","9230","80.80"
"3PLAND","EQ","09-Nov-2022","17.50","17.50","18.45","17.40","17.70","17.80","17.94","5605","100581.15","145","4418","78.82"
"3PLAND","EQ","10-Nov-2022","17.80","18.10","18.10","17.00","17.00","17.10","17.29","11904","205863.20","171","8402","70.58"
"3PLAND","EQ","11-Nov-2022","17.10","17.15","17.70","17.00","17.00","17.00","17.22","7375","127029.10","130","4355","59.05"
"3PLAND","EQ","14-Nov-2022","17.00","17.00","17.60","16.80","17.10","17.00","16.93","4836","81890.85","122","3800","78.58"
"3PLAND","EQ","15-Nov-2022","17.00","17.00","17.30","16.70","16.75","16.95","16.93","3789","64133.80","76","2949","77.83"
"3PLAND","EQ","16-Nov-2022","16.95","17.30","17.30","16.60","16.60","16.65","16.87","5077","85625.80","93","3692","90.58"
"3PLAND","EQ","17-Nov-2022","16.65","16.50","17.90","16.10","17.20","17.45","17.25","8053","138918.90","109","5493","68.21"
"3PLAND","EQ","18-Nov-2022","17.45","17.80","17.80","17.00","17.00","17.05","17.15","1876","32165.05","54","1714","91.36"
"3PLAND","EQ","21-Nov-2022","17.05","17.00","17.45","16.55","16.55","16.85","16.98","1166","19792.90","31","683","58.58"
"3PLAND","EQ","22-Nov-2022","16.85","16.60","17.35","16.55","17.25","17.20","17.10","1362","23285.25","45","999","73.35"
"3PLAND","EQ","23-Nov-2022","17.20","17.25","17.60","16.20","16.35","16.50","16.53","26261","434174.75","132","23612","89.91"
"3PLAND","EQ","24-Nov-2022","16.50","17.10","17.10","16.00","16.35","16.80","16.49","5856","96555.55","105","4076","69.60"
"3PLAND","EQ","25-Nov-2022","16.80","17.15","17.25","16.40","17.15","17.10","16.96","1994","33809.95","37","1905","95.54"
"3PLAND","EQ","28-Nov-2022","17.10","17.30","17.35","16.40","16.55","16.80","16.77","8971","150440.15","174","4693","52.31"
"3PLAND","EQ","29-Nov-2022","16.80","17.35","17.35","16.45","16.60","16.60","16.62","3211","53360.90","70","2304","71.75"
"3PLAND","EQ","30-Nov-2022","16.60","16.60","17.20","16.60","17.10","17.10","17.03","8784","149598.30","59","8174","93.06"
"3PLAND","EQ","01-Dec-2022","17.10","17.15","17.85","16.75","17.25","17.50","17.35","10077","174864.15","209","7842","77.82"
"3PLAND","EQ","02-Dec-2022","17.50","17.50","18.10","17.00","17.70","17.70","17.72","13261","234998.65","293","10448","78.79"
"3PLAND","EQ","05-Dec-2022","17.70","18.10","18.10","17.15","18.05","18.05","17.95","2988","53634.60","84","2216","74.16"
"3PLAND","EQ","06-Dec-2022","18.05","18.05","18.20","17.40","17.40","17.40","17.57","6846","120275.25","117","5802","84.75"
,,,,,,,,,,,,,,
"5PAISA","EQ","08-Sep-2022","354.45","360.00","361.00","348.00","351.95","350.60","353.26","33459","11819570.80","1745","20697","61.86"
"5PAISA","EQ","09-Sep-2022","350.60","354.45","354.45","345.00","345.00","346.10","349.64","19438","6796250.35","1072","12615","64.90"
"5PAISA","EQ","12-Sep-2022","346.10","351.25","355.00","348.00","353.00","352.40","352.34","23689","8346633.10","938","15714","66.33"
"5PAISA","EQ","13-Sep-2022","352.40","360.00","360.00","353.05","357.60","356.85","357.23","29750","10627579.00","1151","18842","63.33"
"5PAISA","EQ","14-Sep-2022","356.85","360.00","385.60","352.00","373.00","376.25","373.13","251263","93752893.65","7971","99409","39.56"
"5PAISA","EQ","15-Sep-2022","376.25","389.90","391.15","375.10","378.85","378.80","381.17","55937","21321240.90","3137","29758","53.20"
"5PAISA","EQ","16-Sep-2022","378.80","387.90","388.00","357.40","365.00","364.20","372.87","42681","15914636.25","2354","23265","54.51"
"5PAISA","EQ","19-Sep-2022","364.20","365.00","374.40","356.00","361.00","359.45","363.60","63509","23091877.75","5651","16801","26.45"
"5PAISA","EQ","20-Sep-2022","359.45","364.00","364.50","348.80","349.00","351.15","357.63","24583","8791615.30","1321","15988","65.04"
"5PAISA","EQ","21-Sep-2022","351.15","350.10","354.80","338.05","342.00","342.95","345.05","21073","7271248.45","1363","12981","61.60"
"5PAISA","EQ","22-Sep-2022","342.95","353.00","353.00","341.00","349.00","348.25","345.12","30433","10502914.65","1131","17752","58.33"
"5PAISA","EQ","23-Sep-2022","348.25","365.00","365.00","341.00","341.05","342.70","348.95","16631","5803434.20","1399","8047","48.39"
"5PAISA","EQ","26-Sep-2022","342.70","347.00","347.00","303.60","333.00","332.20","325.22","50826","16529646.40","2689","23843","46.91"
"5PAISA","EQ","27-Sep-2022","332.20","335.45","370.00","330.00","333.00","332.35","336.01","38713","13007922.00","2563","12420","36.61"
"5PAISA","EQ","28-Sep-2022","332.35","340.00","340.00","330.10","335.00","335.95","335.61","17430","5849678.65","1493","7338","42.10"
"5PAISA","EQ","29-Sep-2022","335.95","335.95","340.45","330.00","330.20","333.05","334.64","22501","7529760.45","1536","7671","34.09"
"5PAISA","EQ","30-Sep-2022","333.05","334.00","342.00","330.20","335.10","338.15","335.15","18994","6365892.95","1160","9339","49.17"
"5PAISA","EQ","03-Oct-2022","338.15","343.00","343.15","332.00","336.00","335.20","338.02","21378","7226214.95","1605","8573","40.10"
"5PAISA","EQ","04-Oct-2022","335.20","339.85","356.00","338.80","346.80","345.60","345.05","33334","11501931.60","1466","16755","50.26"
"5PAISA","EQ","06-Oct-2022","345.60","353.50","353.50","343.25","347.80","347.40","346.87","21897","7595465.65","1410","8464","38.65"
"5PAISA","EQ","07-Oct-2022","347.40","350.00","350.05","343.50","346.00","344.85","345.25","17218","5944578.85","1179","9299","54.01"
"5PAISA","EQ","10-Oct-2022","344.85","344.85","346.95","340.20","346.20","346.05","344.54","9981","3438893.20","713","6115","61.27"
"5PAISA","EQ","11-Oct-2022","346.05","346.90","348.40","333.20","335.00","335.85","342.89","16112","5524723.35","1175","8708","54.05"
"5PAISA","EQ","12-Oct-2022","335.85","342.55","342.55","331.00","333.00","332.35","334.20","13205","4413144.65","678","7546","57.15"
"5PAISA","EQ","13-Oct-2022","332.35","331.50","363.00","331.50","354.70","353.65","347.67","62149","21607200.60","2936","29322","47.18"
"5PAISA","EQ","14-Oct-2022","353.65","362.85","371.95","339.60","342.00","342.65","352.88","72857","25709900.45","3312","38248","52.50"
"5PAISA","EQ","17-Oct-2022","342.65","342.65","352.15","334.05","350.00","343.80","343.56","46438","15954454.10","1951","22927","49.37"
"5PAISA","EQ","18-Oct-2022","343.80","350.00","365.00","342.00","364.80","362.05","357.18","110162","39347579.35","4294","64691","58.72"
"5PAISA","EQ","19-Oct-2022","362.05","364.80","373.15","352.00","361.00","356.65","362.99","54318","19716998.20","2549","30445","56.05"
"5PAISA","EQ","20-Oct-2022","356.65","361.00","367.00","346.00","346.00","347.50","354.78","103167","36601820.95","4368","46261","44.84"
"5PAISA","EQ","21-Oct-2022","347.50","349.00","350.95","332.00","336.70","335.05","339.70","44611","15154461.95","2704","22246","55.30"
"5PAISA","EQ","24-Oct-2022","335.05","344.00","345.00","336.55","340.00","340.40","342.58","10467","3585780.90","691","6403","61.17"
"5PAISA","EQ","25-Oct-2022","340.40","340.40","344.10","329.70","335.10","333.45","333.97","25387","8478372.70","1319","11996","47.25"
"5PAISA","EQ","27-Oct-2022","333.45","331.00","340.00","331.00","336.00","335.00","336.61","21401","7203737.30","1230","11968","55.92"
"5PAISA","EQ","28-Oct-2022","335.00","337.00","339.45","320.00","325.00","322.65","327.54","32411","10615879.95","1612","15407","70.82"
"5PAISA","EQ","31-Oct-2022","322.65","327.00","327.90","323.00","323.15","324.45","325.12","14519","4720366.35","832","7972","54.91"
"5PAISA","EQ","01-Nov-2022","324.45","325.00","326.45","320.35","322.90","321.25","322.34","22869","7371482.40","1224","13268","58.02"
"5PAISA","EQ","02-Nov-2022","321.25","323.00","329.95","318.10","323.45","321.75","322.88","38206","12336035.70","1928","26135","68.41"
"5PAISA","EQ","03-Nov-2022","321.75","317.05","324.35","317.05","319.90","319.35","320.27","15069","4826073.40","974","8110","53.82"
"5PAISA","EQ","04-Nov-2022","319.35","320.00","324.00","318.95","319.50","320.45","321.21","15391","4943786.80","900","9793","63.63"
"5PAISA","EQ","07-Nov-2022","320.45","328.00","328.00","321.00","324.50","326.75","325.05","13733","4463962.45","901","8085","58.87"
"5PAISA","EQ","09-Nov-2022","326.75","326.75","328.95","320.60","322.00","321.80","325.47","20494","6670136.60","1131","12770","62.31"
"5PAISA","EQ","10-Nov-2022","321.80","325.45","325.45","313.00","313.05","314.60","318.31","35331","11246233.95","1606","24793","70.17"
"5PAISA","EQ","11-Nov-2022","314.60","319.45","322.00","316.00","316.55","318.55","318.76","33787","10769996.00","977","6530","19.33"
"5PAISA","EQ","14-Nov-2022","318.55","320.00","321.95","310.35","313.00","314.50","316.86","16676","5283945.50","1113","9906","59.40"
"5PAISA","EQ","15-Nov-2022","314.50","319.00","319.00","310.30","313.00","314.00","314.16","20470","6430755.90","1416","9982","48.76"
"5PAISA","EQ","16-Nov-2022","314.00","319.00","319.00","313.55","316.00","315.60","315.93","15017","4744260.60","1735","5358","42.10"
"5PAISA","EQ","17-Nov-2022","315.60","319.00","319.00","310.00","314.95","311.95","313.65","13513","4238349.10","1193","5633","41.69"
"5PAISA","EQ","18-Nov-2022","311.95","317.00","317.00","311.00","315.60","314.55","313.89","13838","4343581.15","1467","5138","37.13"
"5PAISA","EQ","21-Nov-2022","314.55","318.00","318.00","303.35","308.95","307.50","311.35","35617","11089182.85","1439","24389","68.48"
"5PAISA","EQ","22-Nov-2022","307.50","307.35","311.95","305.00","307.75","306.60","307.18","17948","5513201.60","1377","8907","49.63"
"5PAISA","EQ","23-Nov-2022","306.60","307.75","316.00","305.55","316.00","314.80","312.57","34364","10741081.05","2426","16420","47.78"
"5PAISA","EQ","24-Nov-2022","314.80","320.00","320.00","309.50","313.00","312.20","312.99","27039","8462938.55","1211","15665","57.93"
"5PAISA","EQ","25-Nov-2022","312.20","317.00","317.45","302.65","310.55","311.80","311.79","39574","12338828.35","2223","17947","45.35"
"5PAISA","EQ","28-Nov-2022","311.80","314.45","316.85","309.55","313.00","312.45","312.42","19283","6024376.00","1613","8584","44.52"
"5PAISA","EQ","29-Nov-2022","312.45","315.55","315.55","306.00","310.00","308.50","311.29","36909","11489586.60","1480","19616","53.15"
"5PAISA","EQ","30-Nov-2022","308.50","310.95","318.90","309.15","313.30","313.15","314.74","48612","15299938.30","2343","27842","57.27"
"5PAISA","EQ","01-Dec-2022","313.15","317.25","318.00","310.35","314.50","314.65","313.91","18251","5729106.75","1143","9504","52.07"
"5PAISA","EQ","02-Dec-2022","314.65","316.00","333.90","310.55","328.95","328.25","325.67","121685","39629572.85","4506","31202","25.64"
"5PAISA","EQ","05-Dec-2022","328.25","328.25","331.25","321.00","323.30","323.40","325.07","45913","14924755.20","3348","20787","45.27"
"5PAISA","EQ","06-Dec-2022","323.40","326.65","330.00","320.00","328.00","328.45","325.68","40669","13245035.60","2200","20999","51.63"
,,,,,,,,,,,,,,
"63MOONS","EQ","08-Sep-2022","186.05","186.85","187.60","182.95","183.00","184.50","185.62","42973","7976746.80","820","31998","74.46"
"63MOONS","EQ","09-Sep-2022","184.50","184.00","185.90","180.65","182.00","181.15","182.56","47122","8602570.05","1111","32288","68.52"
"63MOONS","EQ","12-Sep-2022","181.15","182.50","184.85","167.05","178.00","178.40","180.74","66439","12008078.95","1555","37032","55.74"
"63MOONS","EQ","13-Sep-2022","178.40","178.50","196.20","178.50","193.70","193.85","194.78","958105","186623686.45","8327","270496","28.23"
"63MOONS","EQ","14-Sep-2022","193.85","189.95","194.25","185.65","187.30","186.65","189.65","160963","30527215.70","3227","80740","50.16"
"63MOONS","EQ","15-Sep-2022","186.65","185.40","193.65","184.70","187.95","186.35","188.56","91457","17245120.50","2071","38081","41.64"
"63MOONS","EQ","16-Sep-2022","186.35","186.95","190.00","176.60","178.65","179.25","181.85","157733","28684166.05","4713","84838","53.79"
"63MOONS","EQ","19-Sep-2022","179.25","177.65","182.70","176.00","176.55","176.85","178.49","68802","12280674.60","2576","34440","50.06"
"63MOONS","EQ","20-Sep-2022","176.85","178.05","186.85","176.60","180.45","181.25","181.19","142093","25745937.00","4091","56247","39.58"
"63MOONS","EQ","21-Sep-2022","181.25","178.40","183.00","176.50","177.30","177.20","179.03","73592","13175390.45","1940","34408","46.76"
"63MOONS","EQ","22-Sep-2022","177.20","177.80","181.15","175.00","177.00","176.35","178.31","101232","18050741.15","1699","79568","78.60"
"63MOONS","EQ","23-Sep-2022","176.35","181.50","181.50","164.55","167.40","166.05","171.13","94295","16136350.30","2366","58771","62.33"
"63MOONS","EQ","26-Sep-2022","166.05","166.00","172.40","151.60","153.90","158.75","159.56","218108","34800234.60","3576","67694","31.04"
"63MOONS","EQ","27-Sep-2022","158.75","160.10","162.60","149.05","156.40","156.25","155.88","194276","30283262.60","4599","105870","56.42"
"63MOONS","EQ","28-Sep-2022","156.25","155.00","170.00","153.75","162.70","163.30","163.53","145591","23807947.10","3889","57013","39.16"
"63MOONS","EQ","29-Sep-2022","163.30","166.00","170.00","161.20","164.00","162.25","165.08","77762","12836987.85","2093","43916","56.47"
"63MOONS","EQ","30-Sep-2022","162.25","157.10","166.85","157.10","161.70","161.05","163.16","73708","12026426.85","1852","44759","60.72"
"63MOONS","EQ","03-Oct-2022","161.05","163.00","171.50","162.00","162.05","163.35","166.58","118451","19731388.90","3121","44106","37.24"
"63MOONS","EQ","04-Oct-2022","163.35","166.00","174.50","163.45","169.00","168.30","169.68","204160","34641587.35","4670","80462","39.41"
"63MOONS","EQ","06-Oct-2022","168.30","169.75","175.00","169.00","170.70","170.35","171.66","70899","12170536.00","1939","33557","47.33"
"63MOONS","EQ","07-Oct-2022","170.35","170.75","182.20","166.30","170.20","175.25","174.26","186567","32511723.40","2954","58167","31.18"
"63MOONS","EQ","10-Oct-2022","175.25","174.85","186.40","172.20","182.95","182.45","181.11","278634","50462091.15","8499","119484","42.88"
"63MOONS","EQ","11-Oct-2022","182.45","185.20","185.55","174.45","177.10","176.10","180.79","119837","21665311.75","5035","57387","47.89"
"63MOONS","EQ","12-Oct-2022","176.10","177.95","178.85","169.50","172.50","172.15","173.26","72099","12492116.95","2622","36837","51.09"
"63MOONS","EQ","13-Oct-2022","172.15","172.00","173.45","167.85","168.15","168.55","170.02","54259","9224888.55","1867","29350","54.09"
"63MOONS","EQ","14-Oct-2022","168.55","170.25","177.90","168.40","169.50","170.30","172.30","28077","4837557.40","1365","15867","56.51"
"63MOONS","EQ","17-Oct-2022","170.30","170.80","172.00","166.45","168.35","167.65","168.13","40201","6758940.65","1697","20654","51.38"
"63MOONS","EQ","18-Oct-2022","167.65","170.15","171.15","165.20","165.75","166.50","168.57","42664","7191659.25","1393","27282","63.95"
"63MOONS","EQ","19-Oct-2022","166.50","168.00","169.00","164.20","165.00","164.80","165.85","39670","6579072.80","1338","25295","63.76"
"63MOONS","EQ","20-Oct-2022","164.80","166.20","167.95","162.50","163.40","163.20","164.29","43540","7152994.80","1449","24971","57.35"
"63MOONS","EQ","21-Oct-2022","163.20","164.25","167.25","159.95","162.40","161.55","164.08","44449","7293038.20","1481","19172","54.98"
"63MOONS","EQ","24-Oct-2022","161.55","165.50","166.00","163.70","164.30","164.85","164.92","11022","1817702.15","438","6754","61.28"
"63MOONS","EQ","25-Oct-2022","164.85","164.05","169.00","162.70","166.40","166.60","166.16","56743","9428208.90","2085","17658","31.12"
"63MOONS","EQ","27-Oct-2022","166.60","165.80","168.25","160.00","163.10","162.85","164.06","44284","7265353.40","1628","23959","54.10"
"63MOONS","EQ","28-Oct-2022","162.85","163.25","164.10","161.00","162.50","161.75","162.49","27621","4488134.25","886","13347","77.04"
"63MOONS","EQ","31-Oct-2022","161.75","163.10","165.05","156.60","158.00","157.85","160.77","54264","8723914.45","1703","35783","65.94"
"63MOONS","EQ","01-Nov-2022","157.85","157.85","163.05","157.75","159.90","158.90","160.59","44741","7184991.05","1506","26846","60.00"
"63MOONS","EQ","02-Nov-2022","158.90","158.70","163.30","158.05","158.25","158.90","158.93","41030","6520867.30","1262","24689","60.17"
"63MOONS","EQ","03-Nov-2022","158.90","158.40","159.50","156.65","156.85","157.40","158.25","36538","5781962.60","959","23627","64.66"
"63MOONS","EQ","04-Nov-2022","157.40","159.35","162.00","153.90","157.00","157.35","157.23","84137","13229237.95","2005","49161","58.43"
"63MOONS","EQ","07-Nov-2022","157.35","157.90","161.00","157.00","158.05","158.30","158.87","30431","4834574.15","991","20035","65.84"
"63MOONS","EQ","09-Nov-2022","158.30","159.00","163.80","155.05","158.00","158.15","159.70","74711","11931402.90","2131","35675","47.75"
"63MOONS","EQ","10-Nov-2022","158.15","157.00","159.20","154.00","155.00","154.80","155.97","43682","6813230.35","1266","25764","58.98"
"63MOONS","EQ","11-Nov-2022","154.80","157.75","159.50","155.00","156.50","155.45","157.24","36287","5705832.50","1029","21454","59.12"
"63MOONS","EQ","14-Nov-2022","155.45","153.10","156.45","152.00","154.15","153.75","153.67","44539","6844426.00","1539","21028","47.21"
"63MOONS","EQ","15-Nov-2022","153.75","153.00","163.95","152.65","156.80","157.75","157.99","76221","12041972.75","1914","33412","43.84"
"63MOONS","EQ","16-Nov-2022","157.75","155.10","158.20","152.35","152.80","153.25","154.97","38532","5971194.80","1259","19906","65.57"
"63MOONS","EQ","17-Nov-2022","153.25","153.30","153.95","151.00","151.10","151.55","152.39","32640","4973931.25","980","20341","62.32"
"63MOONS","EQ","18-Nov-2022","151.55","153.35","153.35","147.30","148.40","148.65","149.58","47819","7152914.00","1536","27490","57.49"
"63MOONS","EQ","21-Nov-2022","148.65","148.65","150.30","140.55","142.90","142.15","144.17","87686","12642021.05","2764","56238","64.14"
"63MOONS","EQ","22-Nov-2022","142.15","142.50","146.95","142.20","143.35","143.05","144.65","39471","5709592.40","1555","21877","55.43"
"63MOONS","EQ","23-Nov-2022","143.05","144.10","147.00","143.45","143.70","144.95","145.23","19621","2849541.50","874","9155","46.66"
"63MOONS","EQ","24-Nov-2022","144.95","146.50","151.05","141.85","145.10","146.50","146.76","65937","9676784.15","2033","27903","42.32"
"63MOONS","EQ","25-Nov-2022","146.50","147.65","155.00","145.10","154.00","152.65","150.97","103373","15606658.00","3116","51882","50.19"
"63MOONS","EQ","28-Nov-2022","152.65","153.75","158.00","152.50","154.00","153.95","154.53","143505","22175536.75","2490","107765","75.09"
"63MOONS","EQ","29-Nov-2022","153.95","154.10","155.50","150.10","150.40","151.35","152.71","26153","3993832.25","1014","15980","61.10"
"63MOONS","EQ","30-Nov-2022","151.35","152.10","153.05","150.05","152.45","152.35","151.81","25094","3809638.20","1056","13210","52.64"
"63MOONS","EQ","01-Dec-2022","152.35","153.00","157.00","151.00","151.10","152.40","154.45","66564","10280772.95","1525","37038","55.64"
"63MOONS","EQ","02-Dec-2022","152.40","153.00","154.00","148.50","152.00","151.15","151.09","84266","12732166.15","2574","48367","57.40"
"63MOONS","EQ","05-Dec-2022","151.15","152.85","162.00","148.75","158.30","159.60","155.00","289621","44890182.85","5087","173193","59.80"
"63MOONS","EQ","06-Dec-2022","159.60","159.60","161.40","155.10","155.10","156.25","158.06","68350","10803290.35","2364","31486","46.07"
,,,,,,,,,,,,,,
"A2ZINFRA","EQ","08-Sep-2022","12.90","12.90","13.10","12.65","12.65","12.70","12.83","147780","1895449.40","435","99408","67.27"
"A2ZINFRA","EQ","09-Sep-2022","12.70","12.45","12.95","12.45","12.70","12.60","12.75","217577","2774209.00","394","169338","77.83"
"A2ZINFRA","EQ","12-Sep-2022","12.60","12.70","12.85","12.50","12.55","12.55","12.61","226643","2856943.85","467","177888","78.49"
"A2ZINFRA","EQ","13-Sep-2022","12.55","12.75","12.75","12.30","12.40","12.35","12.55","328247","4118965.95","499","284081","86.54"
"A2ZINFRA","EQ","14-Sep-2022","12.35","11.90","12.55","11.90","11.95","11.95","12.14","699347","8488396.65","822","485550","69.43"
"A2ZINFRA","EQ","15-Sep-2022","11.95","11.95","12.20","11.95","12.00","12.00","12.11","280319","3393750.15","431","232643","82.99"
"A2ZINFRA","EQ","16-Sep-2022","12.00","12.20","12.20","11.35","11.80","11.65","11.77","396041","4660282.90","744","259299","65.47"
"A2ZINFRA","EQ","19-Sep-2022","11.65","11.75","12.00","11.55","11.65","11.75","11.80","253204","2986586.35","669","196314","77.53"
"A2ZINFRA","EQ","20-Sep-2022","11.75","11.65","12.20","11.10","11.35","11.40","11.68","766623","8953422.55","967","583686","76.14"
"A2ZINFRA","EQ","21-Sep-2022","11.40","11.40","11.60","11.15","11.25","11.25","11.31","152119","1720853.45","356","99126","65.16"
"A2ZINFRA","EQ","22-Sep-2022","11.25","11.25","11.60","10.80","11.20","11.20","11.21","412820","4627638.75","480","327620","79.36"
"A2ZINFRA","EQ","23-Sep-2022","11.20","11.05","11.35","10.90","11.10","11.00","11.05","313224","3460398.95","503","235947","75.33"
"A2ZINFRA","EQ","26-Sep-2022","11.00","10.95","10.95","10.25","10.40","10.40","10.54","633681","6681430.70","744","523386","82.59"
"A2ZINFRA","EQ","27-Sep-2022","10.40","10.50","10.90","10.05","10.15","10.15","10.36","566971","5876484.55","666","416722","82.68"
"A2ZINFRA","EQ","28-Sep-2022","10.15","10.00","10.60","9.85","10.25","10.35","10.29","469329","4831453.30","544","371063","79.06"
"A2ZINFRA","EQ","29-Sep-2022","10.35","10.50","10.75","10.30","10.40","10.35","10.54","141796","1495040.35","287","114458","80.72"
"A2ZINFRA","EQ","30-Sep-2022","10.35","10.35","10.80","10.15","10.55","10.30","10.37","246061","2551060.35","601","103427","42.03"
"A2ZINFRA","EQ","03-Oct-2022","10.30","10.25","10.60","10.25","10.30","10.30","10.42","228911","2385453.20","374","203493","88.90"
"A2ZINFRA","EQ","04-Oct-2022","10.30","10.30","10.55","10.25","10.45","10.45","10.40","281168","2923909.70","347","233604","83.08"
"A2ZINFRA","EQ","06-Oct-2022","10.45","10.60","10.70","10.25","10.35","10.35","10.45","500811","5235200.65","608","432859","86.43"
"A2ZINFRA","EQ","07-Oct-2022","10.35","10.40","11.35","10.30","11.35","11.35","10.98","640418","7031556.50","666","492691","76.93"
"A2ZINFRA","EQ","10-Oct-2022","11.35","11.65","11.70","10.55","11.45","11.40","11.31","1077017","12177830.45","1359","740534","68.76"
"A2ZINFRA","EQ","11-Oct-2022","11.40","11.60","11.60","10.90","11.25","11.10","11.19","651026","7284618.00","737","438138","67.30"
"A2ZINFRA","EQ","12-Oct-2022","11.10","11.25","11.55","10.90","11.05","10.95","11.05","320670","3542355.90","536","235491","73.44"
"A2ZINFRA","EQ","13-Oct-2022","10.95","10.95","11.25","10.75","10.85","10.85","10.95","164815","1804203.70","401","100768","61.14"
"A2ZINFRA","EQ","14-Oct-2022","10.85","10.90","11.15","10.60","10.70","10.70","10.87","358220","3895146.95","431","279072","77.91"
"A2ZINFRA","EQ","17-Oct-2022","10.70","10.90","10.90","10.40","10.50","10.45","10.56","99593","1051299.25","341","73111","73.41"
"A2ZINFRA","EQ","18-Oct-2022","10.45","10.50","10.70","10.20","10.30","10.25","10.43","340241","3547849.65","506","254434","74.78"
"A2ZINFRA","EQ","19-Oct-2022","10.25","10.45","10.70","10.25","10.30","10.40","10.45","204397","2135708.05","457","147639","72.23"
"A2ZINFRA","EQ","20-Oct-2022","10.40","10.50","10.70","10.30","10.35","10.40","10.44","130562","1363554.05","279","113747","87.12"
"A2ZINFRA","EQ","21-Oct-2022","10.40","10.40","10.55","10.30","10.35","10.35","10.44","239513","2499386.70","512","194588","89.98"
"A2ZINFRA","EQ","24-Oct-2022","10.35","10.80","10.80","10.50","10.70","10.65","10.65","78358","834126.25","216","52514","67.02"
"A2ZINFRA","EQ","25-Oct-2022","10.65","10.60","10.75","10.25","10.30","10.35","10.48","233045","2441889.25","366","189258","81.21"
"A2ZINFRA","EQ","27-Oct-2022","10.35","10.05","10.80","10.05","10.20","10.30","10.41","361685","3765357.70","530","212727","58.82"
"A2ZINFRA","EQ","28-Oct-2022","10.30","10.35","10.50","10.15","10.20","10.20","10.32","312079","3221470.65","367","197071","81.35"
"A2ZINFRA","EQ","31-Oct-2022","10.20","10.20","10.45","9.50","10.05","10.10","10.13","219237","2220564.50","594","147738","67.39"
"A2ZINFRA","EQ","01-Nov-2022","10.10","10.10","10.40","10.00","10.10","10.05","10.13","116109","1175994.80","290","88274","76.03"
"A2ZINFRA","EQ","02-Nov-2022","10.05","10.15","10.50","10.05","10.10","10.15","10.21","142401","1453474.25","342","86594","60.81"
"A2ZINFRA","EQ","03-Nov-2022","10.15","10.05","10.30","10.05","10.15","10.20","10.19","116601","1188088.75","270","73908","63.39"
"A2ZINFRA","EQ","04-Nov-2022","10.20","10.10","11.90","10.10","11.50","11.45","11.00","1858800","20449504.75","2345","1143698","61.53"
"A2ZINFRA","EQ","07-Nov-2022","11.45","11.95","12.05","11.05","11.15","11.20","11.48","675850","7755799.05","1219","387209","57.29"
"A2ZINFRA","EQ","09-Nov-2022","11.20","11.20","12.80","11.00","11.85","11.70","11.85","976928","11575218.60","1495","559552","57.28"
"A2ZINFRA","EQ","10-Nov-2022","11.70","11.90","11.95","10.75","11.35","11.30","11.31","838001","9474131.85","1088","506472","60.44"
"A2ZINFRA","EQ","11-Nov-2022","11.30","11.55","11.75","11.05","11.05","11.20","11.34","907520","10294745.60","1048","611191","67.35"
"A2ZINFRA","EQ","14-Nov-2022","11.20","11.10","11.35","10.90","11.00","11.00","11.01","728678","8020094.20","685","638382","87.61"
"A2ZINFRA","EQ","15-Nov-2022","11.00","11.00","11.10","10.80","10.90","10.80","10.85","91663","994622.20","326","73133","79.78"
"A2ZINFRA","EQ","16-Nov-2022","10.80","10.60","10.90","10.10","10.50","10.45","10.46","665110","6957503.80","1069","444031","71.60"
"A2ZINFRA","EQ","17-Nov-2022","10.45","10.40","11.45","10.25","10.75","10.70","10.56","382590","4040753.40","656","271617","70.99"
"A2ZINFRA","EQ","18-Nov-2022","10.70","10.80","10.80","10.25","10.35","10.35","10.52","496127","5217398.95","585","416282","83.91"
"A2ZINFRA","EQ","21-Nov-2022","10.35","10.20","10.70","10.20","10.50","10.40","10.43","138684","1446585.60","401","91643","66.08"
"A2ZINFRA","EQ","22-Nov-2022","10.40","10.60","10.70","10.30","10.30","10.40","10.43","118574","1236260.85","360","89320","75.33"
"A2ZINFRA","EQ","23-Nov-2022","10.40","10.60","11.25","10.25","10.70","10.75","10.73","1032643","11075912.80","1169","650556","63.00"
"A2ZINFRA","EQ","24-Nov-2022","10.75","10.75","11.45","10.75","11.00","10.85","11.12","564595","6275580.75","1131","338405","59.94"
"A2ZINFRA","EQ","25-Nov-2022","10.85","11.30","11.30","10.70","10.90","10.80","10.90","254668","2776681.50","454","179141","70.34"
"A2ZINFRA","EQ","28-Nov-2022","10.80","11.05","11.05","10.70","10.75","10.75","10.86","222671","2419219.85","478","158998","71.40"
"A2ZINFRA","EQ","29-Nov-2022","10.75","10.75","10.95","10.70","10.85","10.80","10.80","133017","1437158.65","292","90329","67.91"
"A2ZINFRA","EQ","30-Nov-2022","10.80","10.95","11.15","10.70","10.80","10.80","10.87","222988","2424023.30","474","119114","53.42"
"A2ZINFRA","EQ","01-Dec-2022","10.80","10.80","11.80","10.75","11.30","11.35","11.26","1516578","17071269.95","1548","1011531","66.70"
"A2ZINFRA","EQ","02-Dec-2022","11.35","11.55","11.55","11.05","11.15","11.20","11.28","251512","2837594.50","572","194674","77.40"
"A2ZINFRA","EQ","05-Dec-2022","11.20","11.15","11.40","11.05","11.20","11.15","11.22","124370","1394989.70","351","94359","75.87"
"A2ZINFRA","EQ","06-Dec-2022","11.15","11.15","12.05","10.90","11.30","11.20","11.47","1078464","12369180.00","1500","717012","66.48"
,,,,,,,,,,,,,,
"AAKASH","EQ","08-Sep-2022","12.70","12.70","13.30","12.20","13.30","13.30","13.19","535050","7058187.70","785","346523","64.76"
"AAKASH","EQ","09-Sep-2022","13.30","13.90","13.95","13.50","13.95","13.95","13.94","180881","2521636.00","295","153740","85.00"
"AAKASH","EQ","12-Sep-2022","13.95","14.60","14.60","14.30","14.60","14.60","14.59","229819","3352141.10","378","141448","61.55"
"AAKASH","EQ","13-Sep-2022","14.60","15.30","15.30","15.30","15.30","15.30","15.30","91737","1403576.10","152","91717","99.98"
"AAKASH","EQ","14-Sep-2022","15.30","16.05","16.05","16.05","16.05","16.05","16.05","172075","2761803.75","183","172075","100.00"
"AAKASH","EQ","15-Sep-2022","16.05","15.50","15.70","15.25","15.25","15.25","15.32","832783","12756851.15","933","475376","57.08"
"AAKASH","EQ","16-Sep-2022","15.25","14.50","14.50","14.50","14.50","14.50","14.50","61601","893214.50","299","61601","100.00"
"AAKASH","EQ","19-Sep-2022","14.50","13.80","15.20","13.80","15.20","15.15","14.67","1689479","24787301.00","1940","686459","40.63"
"AAKASH","EQ","20-Sep-2022","15.15","15.20","15.45","14.55","14.95","15.15","15.01","435232","6533945.75","1014","202967","46.63"
"AAKASH","EQ","21-Sep-2022","15.15","14.70","15.20","14.40","14.50","14.50","14.75","300170","4427966.00","560","239045","79.64"
"AAKASH","EQ","22-Sep-2022","14.50","14.40","15.20","13.80","14.60","14.30","14.28","244595","3492780.30","937","136736","55.90"
"AAKASH","EQ","23-Sep-2022","14.30","14.10","14.65","13.80","14.00","13.95","14.03","86800","1217571.55","451","61862","71.27"
"AAKASH","EQ","26-Sep-2022","13.95","13.90","14.05","13.30","13.30","13.30","13.38","83682","1119743.40","400","68385","81.72"
"AAKASH","EQ","27-Sep-2022","13.30","12.65","12.95","12.65","12.85","12.85","12.67","376427","4769112.40","558","224043","60.51"
"AAKASH","EQ","28-Sep-2022","12.85","12.70","12.70","12.30","12.45","12.45","12.40","170402","2113016.10","479","100581","59.03"
"AAKASH","EQ","29-Sep-2022","12.45","12.50","13.05","12.50","13.00","13.00","12.96","182212","2360996.15","413","124391","68.27"
"AAKASH","EQ","30-Sep-2022","13.00","13.20","13.60","12.60","12.85","13.00","13.14","130331","1712644.05","467","57694","44.27"
"AAKASH","EQ","03-Oct-2022","13.00","13.45","13.65","13.05","13.65","13.65","13.47","238395","3210121.60","625","115055","48.26"
"AAKASH","EQ","04-Oct-2022","13.65","14.10","14.30","13.95","14.30","14.30","14.25","338764","4825993.95","465","274203","80.94"
"AAKASH","EQ","06-Oct-2022","14.30","14.40","15.00","13.90","15.00","14.90","14.68","707506","10387984.55","1254","316211","44.69"
"AAKASH","EQ","07-Oct-2022","14.90","14.55","15.55","14.55","15.45","15.25","15.13","411877","6232962.60","943","242383","58.85"
"AAKASH","EQ","10-Oct-2022","15.25","15.50","15.50","14.25","14.60","14.45","14.61","251653","3676727.10","867","160580","63.81"
"AAKASH","EQ","11-Oct-2022","14.45","14.25","14.95","14.15","14.25","14.25","14.34","128873","1847942.35","582","91038","70.64"
"AAKASH","EQ","12-Oct-2022","14.25","14.45","14.50","14.00","14.30","14.25","14.16","53338","755266.75","374","38187","71.59"
"AAKASH","EQ","13-Oct-2022","14.25","14.65","14.65","13.95","14.05","14.15","14.18","388504","5510752.10","407","346095","89.08"
"AAKASH","EQ","14-Oct-2022","14.15","14.50","14.50","13.20","13.40","13.40","13.69","273575","3744244.50","861","188550","68.92"
"AAKASH","EQ","17-Oct-2022","13.40","13.65","13.70","12.30","12.85","12.85","12.92","477224","6164233.40","1007","304425","63.79"
"AAKASH","EQ","18-Oct-2022","12.85","13.10","13.50","12.85","13.15","13.00","13.15","157110","2066176.05","561","106530","67.81"
"AAKASH","EQ","19-Oct-2022","13.00","13.35","13.60","12.90","13.05","13.05","13.13","173008","2272160.65","601","100038","57.82"
"AAKASH","EQ","20-Oct-2022","13.05","13.00","13.25","12.95","13.10","13.15","13.13","71589","939682.00","366","50105","69.99"
"AAKASH","EQ","21-Oct-2022","13.15","13.05","13.50","13.00","13.20","13.15","13.16","61006","802587.30","381","39293","71.27"
"AAKASH","EQ","24-Oct-2022","13.15","13.15","13.50","13.00","13.10","13.10","13.14","93149","1224435.60","373","58140","62.42"
"AAKASH","EQ","25-Oct-2022","13.10","13.00","13.25","12.00","12.35","12.30","12.63","525259","6635938.85","1118","334467","63.68"
"AAKASH","EQ","27-Oct-2022","12.30","12.35","13.00","11.80","12.40","12.40","12.28","386316","4744049.25","900","193386","50.06"
"AAKASH","EQ","28-Oct-2022","12.40","12.75","12.75","11.80","12.05","12.05","12.09","712263","8614371.65","1175","183060","50.87"
"AAKASH","EQ","31-Oct-2022","12.05","12.05","12.50","10.85","10.90","10.95","11.27","1386204","15628725.25","2269","668788","48.25"
"AAKASH","EQ","01-Nov-2022","10.95","11.00","11.40","9.90","9.90","9.90","10.08","1720121","17341517.25","2736","1084486","63.05"
"AAKASH","EQ","02-Nov-2022","9.90","9.95","10.35","9.90","10.35","10.35","10.22","671624","6863704.05","1002","435420","64.83"
"AAKASH","EQ","03-Nov-2022","10.35","10.60","10.85","10.40","10.85","10.85","10.77","303443","3266682.45","483","204063","67.25"
"AAKASH","EQ","04-Nov-2022","10.85","10.85","11.35","10.85","11.35","11.35","11.24","304809","3426502.40","564","238222","78.15"
"AAKASH","EQ","07-Nov-2022","11.35","11.85","11.90","11.00","11.55","11.70","11.43","1303950","14901157.95","1872","552863","42.40"
"AAKASH","EQ","09-Nov-2022","11.70","11.80","11.95","11.15","11.15","11.15","11.19","2184086","24435197.80","1205","794047","36.36"
"AAKASH","EQ","10-Nov-2022","11.15","10.85","11.45","10.65","11.15","11.05","10.96","995726","10910632.60","1453","361935","36.35"
"AAKASH","EQ","11-Nov-2022","11.05","11.15","11.35","10.50","10.50","10.50","10.56","1280300","13515950.50","1505","631164","49.30"
"AAKASH","EQ","14-Nov-2022","10.50","10.40","10.40","10.00","10.00","10.00","10.02","1024409","10261436.00","1511","565291","55.18"
"AAKASH","EQ","15-Nov-2022","10.00","10.00","10.10","9.50","9.60","9.50","9.63","3288840","31657195.20","2810","2070715","62.96"
"AAKASH","EQ","16-Nov-2022","9.50","9.50","9.70","9.20","9.30","9.30","9.44","1032881","9750777.25","1511","625235","67.40"
"AAKASH","EQ","17-Nov-2022","9.30","9.60","9.60","8.85","9.00","8.90","8.97","1121885","10058452.60","1880","719823","64.16"
"AAKASH","EQ","18-Nov-2022","8.90","9.10","9.25","8.50","8.60","8.50","8.67","1911191","16561317.70","2209","854236","44.70"
"AAKASH","EQ","21-Nov-2022","8.50","8.60","8.60","8.10","8.15","8.10","8.15","678302","5528712.20","1440","432294","63.73"
"AAKASH","EQ","22-Nov-2022","8.10","8.25","8.35","7.70","7.70","7.70","7.75","1159986","8984269.60","1532","662731","57.13"
"AAKASH","EQ","23-Nov-2022","7.70","7.60","7.85","7.35","7.60","7.40","7.45","890247","6628818.65","1687","629282","70.69"
"AAKASH","EQ","24-Nov-2022","7.40","7.55","7.75","7.50","7.75","7.75","7.71","433922","3346972.10","340","325883","75.10"
"AAKASH","EQ","25-Nov-2022","7.75","8.10","8.10","7.60","8.00","7.95","7.97","1693196","13495150.60","1977","1186548","70.08"
"AAKASH","EQ","28-Nov-2022","7.95","8.00","8.25","7.90","8.20","8.20","8.16","436038","3558005.95","986","342496","78.55"
"AAKASH","EQ","29-Nov-2022","8.20","8.30","8.40","8.00","8.30","8.15","8.25","433027","3570431.65","1087","324521","74.94"
"AAKASH","EQ","30-Nov-2022","8.15","8.25","8.25","7.75","7.75","7.75","7.80","1188208","9265968.70","1578","746212","62.80"
"AAKASH","EQ","01-Dec-2022","7.75","7.75","7.75","7.40","7.40","7.40","7.42","2093814","15543307.45","2011","1164137","55.60"
"AAKASH","EQ","02-Dec-2022","7.40","7.60","7.60","7.05","7.05","7.05","7.07","2084197","14726022.60","2330","1453333","69.73"
"AAKASH","EQ","05-Dec-2022","7.05","7.05","7.10","6.70","6.70","6.70","6.76","4845446","32770932.45","3926","3024472","62.42"
"AAKASH","EQ","06-Dec-2022","6.70","6.65","7.00","6.45","7.00","7.00","6.82","2986424","20370702.55","2401","1948351","65.24"
,,,,,,,,,,,,,,
"AAREYDRUGS","EQ","08-Sep-2022","40.15","40.20","41.80","40.10","41.15","40.95","40.86","84247","3442067.30","927","46238","54.88"
"AAREYDRUGS","EQ","09-Sep-2022","40.95","41.45","42.50","40.35","41.20","41.15","41.40","77093","3191404.45","830","44754","58.05"
"AAREYDRUGS","EQ","12-Sep-2022","41.15","40.40","41.95","40.40","41.20","41.05","41.34","33801","1397490.90","429","23853","70.57"
"AAREYDRUGS","EQ","13-Sep-2022","41.05","41.65","42.00","40.35","40.35","40.70","41.26","65142","2688059.25","477","43900","67.39"
"AAREYDRUGS","EQ","14-Sep-2022","40.70","40.35","40.65","39.00","39.30","39.50","39.63","111360","4413648.75","847","65564","58.88"
"AAREYDRUGS","EQ","15-Sep-2022","39.50","39.95","41.55","38.75","40.70","40.70","40.22","80295","3229390.25","844","46168","57.50"
"AAREYDRUGS","EQ","16-Sep-2022","40.70","41.25","43.90","40.15","41.90","42.15","42.47","331714","14087538.55","3100","163400","49.26"
"AAREYDRUGS","EQ","19-Sep-2022","42.15","42.75","43.65","41.35","41.65","41.70","42.51","135399","5756288.10","1363","85921","63.46"
"AAREYDRUGS","EQ","20-Sep-2022","41.70","42.75","42.75","41.20","41.40","41.30","41.77","33112","1382997.45","493","18651","56.33"
"AAREYDRUGS","EQ","21-Sep-2022","41.30","41.40","41.80","40.55","41.20","40.95","41.04","27087","1111537.55","382","16927","62.49"
"AAREYDRUGS","EQ","22-Sep-2022","40.95","41.50","41.65","40.10","41.00","40.80","40.80","26752","1091599.70","369","16744","62.59"
"AAREYDRUGS","EQ","23-Sep-2022","40.80","41.00","41.00","39.10","39.60","39.65","39.79","34043","1354731.85","426","21526","63.23"
"AAREYDRUGS","EQ","26-Sep-2022","39.65","39.65","39.65","36.25","36.70","36.95","37.49","50177","1881350.60","673","27371","54.55"
"AAREYDRUGS","EQ","27-Sep-2022","36.95","37.40","37.85","36.60","37.15","37.20","37.16","29722","1104343.75","417","15907","64.55"
"AAREYDRUGS","EQ","28-Sep-2022","37.20","37.45","37.75","36.20","36.65","36.65","37.05","15549","576162.70","275","7038","45.26"
"AAREYDRUGS","EQ","29-Sep-2022","36.65","37.30","39.45","36.90","39.15","39.00","38.39","43278","1661343.70","554","24994","57.75"
"AAREYDRUGS","EQ","30-Sep-2022","39.00","39.00","40.40","38.25","38.85","38.85","39.38","40136","1580369.95","718","23209","57.83"
"AAREYDRUGS","EQ","03-Oct-2022","38.85","39.35","39.90","38.05","39.00","38.40","39.11","31319","1224761.30","433","18596","59.38"
"AAREYDRUGS","EQ","04-Oct-2022","38.40","39.35","39.60","38.25","38.40","38.45","38.79","22042","854930.50","332","14722","66.79"
"AAREYDRUGS","EQ","06-Oct-2022","38.45","38.95","39.90","38.75","39.00","38.85","39.14","21838","854800.25","276","14201","65.03"
"AAREYDRUGS","EQ","07-Oct-2022","38.85","39.25","39.30","37.65","38.45","38.50","38.56","24093","929143.40","308","13418","55.69"
"AAREYDRUGS","EQ","10-Oct-2022","38.50","38.50","38.85","37.80","38.40","38.25","38.21","18086","691066.20","233","13927","77.00"
"AAREYDRUGS","EQ","11-Oct-2022","38.25","38.70","41.10","37.65","37.85","38.15","39.19","49769","1950305.65","678","21999","44.20"
"AAREYDRUGS","EQ","12-Oct-2022","38.15","38.50","39.15","38.00","39.15","38.85","38.68","22593","873909.15","268","17658","78.16"
"AAREYDRUGS","EQ","13-Oct-2022","38.85","38.60","42.75","38.60","39.55","40.00","41.29","553501","22855138.85","3530","130376","23.55"
"AAREYDRUGS","EQ","14-Oct-2022","40.00","41.25","41.25","39.35","39.50","39.60","40.14","50834","2040437.35","863","27214","53.54"
"AAREYDRUGS","EQ","17-Oct-2022","39.60","39.85","39.85","38.50","38.85","39.00","39.08","38808","1516455.00","410","31448","81.03"
"AAREYDRUGS","EQ","18-Oct-2022","39.00","39.10","39.20","37.45","37.95","38.10","38.18","49423","1887061.70","726","30374","61.46"
"AAREYDRUGS","EQ","19-Oct-2022","38.10","38.40","38.45","37.70","37.75","37.85","38.03","18289","695558.60","278","11625","63.56"
"AAREYDRUGS","EQ","20-Oct-2022","37.85","38.30","38.65","37.65","37.85","38.05","38.25","20338","778016.05","299","10557","51.91"
"AAREYDRUGS","EQ","21-Oct-2022","38.05","38.40","38.50","37.10","37.15","37.35","37.70","23399","882162.00","404","12816","65.38"
"AAREYDRUGS","EQ","24-Oct-2022","37.35","37.85","38.45","37.15","38.15","38.10","37.92","9723","368648.20","152","5418","55.72"
"AAREYDRUGS","EQ","25-Oct-2022","38.10","38.15","38.15","37.20","37.80","37.65","37.51","18308","686642.20","283","11586","63.28"
"AAREYDRUGS","EQ","27-Oct-2022","37.65","38.10","38.10","35.85","37.90","37.40","37.38","29024","1084854.85","435","18269","62.94"
"AAREYDRUGS","EQ","28-Oct-2022","37.40","37.90","38.10","37.40","37.70","37.75","37.86","15289","578851.60","215","6132","74.07"
"AAREYDRUGS","EQ","31-Oct-2022","37.75","38.20","39.35","38.05","38.05","38.25","38.61","29329","1132411.20","452","14551","49.61"
"AAREYDRUGS","EQ","01-Nov-2022","38.25","38.50","38.85","37.90","38.40","38.35","38.30","12922","494941.90","187","7664","59.31"
"AAREYDRUGS","EQ","02-Nov-2022","38.35","38.35","38.35","37.35","38.00","37.45","37.83","22567","853614.85","249","16214","71.85"
"AAREYDRUGS","EQ","03-Nov-2022","37.45","37.85","38.00","37.30","37.50","37.55","37.57","26330","989118.55","243","19089","72.50"
"AAREYDRUGS","EQ","04-Nov-2022","37.55","37.90","38.00","37.25","37.60","37.70","37.61","12933","486439.05","178","9166","70.87"
"AAREYDRUGS","EQ","07-Nov-2022","37.70","38.20","38.20","37.55","38.00","38.00","38.05","27917","1062259.25","177","22751","81.50"
"AAREYDRUGS","EQ","09-Nov-2022","38.00","38.25","39.30","37.90","39.10","39.00","38.53","24707","951874.05","375","13943","56.43"
"AAREYDRUGS","EQ","10-Nov-2022","39.00","38.90","39.75","38.75","39.30","39.25","39.14","38160","1493673.55","305","26434","69.27"
"AAREYDRUGS","EQ","11-Nov-2022","39.25","39.70","40.20","38.65","38.70","38.95","39.52","39142","1546922.95","342","23410","59.81"
"AAREYDRUGS","EQ","14-Nov-2022","38.95","39.40","39.70","38.25","38.50","38.70","38.74","20647","799827.30","300","11175","54.12"
"AAREYDRUGS","EQ","15-Nov-2022","38.70","38.50","38.50","37.25","37.40","37.50","37.65","26204","986492.80","281","20311","77.51"
"AAREYDRUGS","EQ","16-Nov-2022","37.50","37.85","37.85","37.10","37.40","37.35","37.49","13123","491932.05","141","10767","85.65"
"AAREYDRUGS","EQ","17-Nov-2022","37.35","37.35","37.35","36.80","36.80","36.90","37.06","23877","884839.50","182","18170","76.10"
"AAREYDRUGS","EQ","18-Nov-2022","36.90","37.10","38.25","36.20","36.70","36.75","36.81","32812","1207919.10","405","21003","64.01"
"AAREYDRUGS","EQ","21-Nov-2022","36.75","36.35","36.90","35.70","35.75","35.90","36.10","24647","889835.25","376","18853","76.49"
"AAREYDRUGS","EQ","22-Nov-2022","35.90","36.50","36.95","36.00","36.10","36.20","36.40","15995","582233.40","189","10970","68.58"
"AAREYDRUGS","EQ","23-Nov-2022","36.20","36.60","36.90","36.00","36.25","36.25","36.32","17224","625521.30","220","11211","65.09"
"AAREYDRUGS","EQ","24-Nov-2022","36.25","36.70","37.75","36.25","37.00","37.40","37.00","26658","986258.40","254","18578","69.69"
"AAREYDRUGS","EQ","25-Nov-2022","37.40","36.80","38.30","36.80","37.80","37.75","37.60","64692","2432244.60","475","37694","58.27"
"AAREYDRUGS","EQ","28-Nov-2022","37.75","37.85","38.50","37.50","37.50","37.75","38.10","23352","889651.70","292","13691","58.63"
"AAREYDRUGS","EQ","29-Nov-2022","37.75","38.10","38.10","37.00","37.60","37.25","37.38","35481","1326410.55","340","26067","73.47"
"AAREYDRUGS","EQ","30-Nov-2022","37.25","37.25","38.10","37.05","37.50","37.55","37.61","14354","539860.15","224","9830","68.48"
"AAREYDRUGS","EQ","01-Dec-2022","37.55","37.95","37.95","37.00","37.30","37.40","37.52","10921","409726.30","191","6628","60.69"
"AAREYDRUGS","EQ","02-Dec-2022","37.40","37.20","40.80","37.20","40.30","40.05","39.77","221245","8798743.85","1446","118696","53.65"
"AAREYDRUGS","EQ","05-Dec-2022","40.05","40.85","41.15","38.50","39.65","39.30","39.64","40443","1603126.20","472","23257","57.51"
"AAREYDRUGS","EQ","06-Dec-2022","39.30","39.75","40.25","38.85","39.35","39.20","39.65","44621","1769222.60","242","36931","82.77"
,,,,,,,,,,,,,,
"AARON","EQ","08-Sep-2022","184.20","185.90","195.70","185.00","187.00","187.75","190.20","32600","6200424.10","1152","15882","48.72"
"AARON","EQ","09-Sep-2022","187.75","187.05","191.00","177.65","181.00","179.35","182.19","43911","8000087.90","1823","25917","59.02"
"AARON","EQ","12-Sep-2022","179.35","189.95","189.95","183.00","186.95","185.85","186.27","22560","4202357.95","969","14078","62.40"
"AARON","BE","13-Sep-2022","185.85","186.00","188.50","176.60","177.60","177.00","180.60","17514","3163002.90","678","-","-"
"AARON","BE","14-Sep-2022","177.00","183.80","183.80","170.00","181.90","181.75","177.96","13909","2475233.00","545","-","-"
"AARON","BE","15-Sep-2022","181.75","181.90","184.95","173.05","178.80","177.90","177.72","5450","968556.35","302","-","-"
"AARON","BE","16-Sep-2022","177.90","176.80","177.90","169.05","171.00","170.00","172.65","10374","1791040.85","472","-","-"
"AARON","BE","19-Sep-2022","170.00","171.90","176.90","165.00","172.00","168.05","169.52","7192","1219200.95","349","-","-"
"AARON","BE","20-Sep-2022","168.05","164.05","172.00","164.05","170.00","167.20","167.46","6930","1160513.65","319","-","-"
"AARON","BE","21-Sep-2022","167.20","163.90","172.00","158.85","163.60","163.65","161.81","8210","1328425.35","416","-","-"
"AARON","BE","22-Sep-2022","163.65","163.80","163.80","155.60","161.00","160.45","159.39","4640","739579.75","273","-","-"
"AARON","BE","23-Sep-2022","160.45","164.90","164.90","157.00","160.00","158.95","159.95","5232","836870.30","230","-","-"
"AARON","BE","26-Sep-2022","158.95","157.00","157.00","151.05","157.00","156.75","153.34","7762","1190239.65","350","-","-"
"AARON","BE","27-Sep-2022","156.75","155.00","160.00","155.00","157.00","157.00","157.17","3799","597095.60","171","-","-"
"AARON","BE","28-Sep-2022","157.00","160.90","162.00","150.05","157.00","152.85","158.33","4041","639796.60","194","-","-"
"AARON","BE","29-Sep-2022","152.85","154.95","157.00","150.00","156.00","156.35","154.82","2664","412441.35","124","-","-"
"AARON","BE","30-Sep-2022","156.35","150.10","163.80","150.10","153.35","155.70","155.48","1668","259341.15","143","-","-"
"AARON","BE","03-Oct-2022","155.70","159.95","160.00","156.00","160.00","159.10","159.04","4383","697051.25","191","-","-"
"AARON","BE","04-Oct-2022","159.10","160.00","163.50","158.30","163.00","162.80","161.97","3304","535155.95","159","-","-"
"AARON","BE","06-Oct-2022","162.80","165.70","166.00","160.00","165.00","165.00","164.97","4551","750783.45","217","-","-"
"AARON","BE","07-Oct-2022","165.00","168.00","168.00","164.00","164.00","165.35","166.15","3920","651313.10","184","-","-"
"AARON","BE","10-Oct-2022","165.35","165.35","167.95","160.00","161.50","163.20","165.27","8852","1462956.70","264","-","-"
"AARON","BE","11-Oct-2022","163.20","160.00","167.90","160.00","161.00","162.00","162.97","4121","671590.40","149","-","-"
"AARON","BE","12-Oct-2022","162.00","161.80","164.90","160.00","160.05","162.50","161.85","2748","444762.95","134","-","-"
"AARON","BE","13-Oct-2022","162.50","161.50","164.00","157.10","163.00","160.50","159.46","2130","339640.60","136","-","-"
"AARON","BE","14-Oct-2022","160.50","160.50","165.00","153.60","162.00","158.70","161.81","4928","797423.95","200","-","-"
"AARON","BE","17-Oct-2022","158.70","164.75","164.75","158.00","161.90","161.90","161.62","4125","666689.95","217","-","-"
"AARON","BE","18-Oct-2022","161.90","164.80","164.80","158.00","162.00","161.35","161.89","1778","287833.05","98","-","-"
"AARON","BE","19-Oct-2022","161.35","162.00","162.35","157.00","160.00","158.85","159.35","2868","457021.95","153","-","-"
"AARON","BE","20-Oct-2022","158.85","157.50","157.50","150.95","155.30","154.35","153.20","9013","1380807.05","318","-","-"
"AARON","BE","21-Oct-2022","154.35","151.30","155.75","149.00","153.80","153.75","152.41","4931","751544.90","206","-","-"
"AARON","BE","24-Oct-2022","153.75","155.00","160.00","150.00","159.95","157.95","155.41","1476","229387.90","115","-","-"
"AARON","BE","25-Oct-2022","157.95","157.95","158.00","153.00","158.00","156.30","155.99","1465","228520.95","89","-","-"
"AARON","BE","27-Oct-2022","156.30","158.95","158.95","152.00","156.00","155.90","154.34","3735","576469.15","140","-","-"
"AARON","BE","28-Oct-2022","155.90","155.90","158.10","152.00","157.00","156.05","156.59","2720","425917.20","103","-","-"
"AARON","BE","31-Oct-2022","156.05","160.00","160.00","154.00","158.00","157.55","156.70","2675","419182.75","115","-","-"
"AARON","BE","01-Nov-2022","157.55","153.05","160.00","153.05","158.00","155.55","157.15","1813","284904.75","105","-","-"
"AARON","BE","02-Nov-2022","155.55","157.95","159.90","154.00","158.00","154.65","156.07","4019","627258.65","132","-","-"
"AARON","BE","03-Nov-2022","154.65","159.15","159.15","154.00","156.20","156.60","157.01","1076","168940.50","72","-","-"
"AARON","BE","04-Nov-2022","156.60","158.00","158.00","154.50","156.00","155.90","156.15","3282","512480.65","73","-","-"
"AARON","BE","07-Nov-2022","155.90","155.00","161.70","153.05","161.00","158.35","157.74","5443","858601.65","160","-","-"
"AARON","BE","09-Nov-2022","158.35","158.50","163.00","158.00","158.00","158.85","160.43","8080","1296307.00","329","-","-"
"AARON","BE","10-Nov-2022","158.85","161.00","161.00","152.05","160.00","158.55","158.01","3626","572935.35","141","-","-"
"AARON","BE","11-Nov-2022","158.55","158.55","165.00","154.10","163.00","162.45","160.41","5798","930063.55","188","-","-"
"AARON","BE","14-Nov-2022","162.45","166.00","168.15","162.00","168.00","165.90","165.85","11575","1919748.90","248","-","-"
"AARON","BE","15-Nov-2022","165.90","168.00","168.00","157.65","167.00","163.50","164.28","4783","785743.10","177","-","-"
"AARON","BE","16-Nov-2022","163.50","164.85","164.85","160.00","161.50","163.70","162.10","3767","610635.15","121","-","-"
"AARON","BE","17-Nov-2022","163.70","164.95","164.95","160.00","160.00","160.35","160.88","3356","539899.00","149","-","-"
"AARON","BE","18-Nov-2022","160.35","155.10","163.90","155.10","160.90","159.40","158.70","3642","577992.55","110","-","-"
"AARON","BE","21-Nov-2022","159.40","160.00","160.00","157.00","159.00","158.30","158.82","2651","421040.15","108","-","-"
"AARON","BE","22-Nov-2022","158.30","158.30","160.00","153.55","160.00","158.35","158.66","2555","405388.00","89","-","-"
"AARON","BE","23-Nov-2022","158.35","155.20","160.00","155.20","159.20","158.95","157.56","2958","466061.80","74","-","-"
"AARON","BE","24-Nov-2022","158.95","159.20","159.20","156.10","157.00","157.90","158.08","920","145432.35","52","-","-"
"AARON","BE","25-Nov-2022","157.90","156.00","159.50","156.00","158.00","157.95","156.69","3598","563787.50","111","-","-"
"AARON","BE","28-Nov-2022","157.95","159.00","161.50","156.55","159.00","159.60","158.95","4288","681567.65","147","-","-"
"AARON","BE","29-Nov-2022","159.60","156.60","160.90","156.60","158.00","157.85","157.92","3549","560450.85","152","-","-"
"AARON","BE","30-Nov-2022","157.85","159.00","159.50","156.10","158.00","157.85","157.50","2693","424152.00","104","-","-"
"AARON","BE","01-Dec-2022","157.85","160.00","160.90","156.00","158.85","158.55","158.09","2989","472541.90","105","-","-"
"AARON","BE","02-Dec-2022","158.55","156.20","158.55","156.20","157.75","157.80","157.52","2605","410328.55","110","-","-"
"AARON","BE","05-Dec-2022","157.80","158.00","165.65","158.00","165.65","165.35","161.46","8701","1404839.70","244","-","-"
"AARON","EQ","06-Dec-2022","165.35","171.50","173.60","170.85","173.60","173.60","173.43","9217","1598520.40","191","8123","88.13"
,,,,,,,,,,,,,,
"AARTIDRUGS","EQ","08-Sep-2022","438.25","440.00","470.00","439.60","467.10","466.15","462.94","986818","456840147.15","22652","178079","18.05"
"AARTIDRUGS","EQ","09-Sep-2022","466.15","470.00","488.00","465.00","467.50","469.45","473.95","369486","175118945.35","14467","97092","26.28"
"AARTIDRUGS","EQ","12-Sep-2022","469.45","469.75","471.20","462.00","466.00","464.85","466.17","129233","60245180.55","4965","55400","42.87"
"AARTIDRUGS","EQ","13-Sep-2022","464.85","464.85","467.95","461.80","463.05","462.90","464.27","70707","32826858.10","3419","34023","48.12"
"AARTIDRUGS","EQ","14-Sep-2022","462.90","459.00","460.80","454.70","457.55","458.30","458.85","90227","41400572.85","4185","41178","45.64"
"AARTIDRUGS","EQ","15-Sep-2022","458.30","458.30","461.95","452.15","458.95","456.95","456.86","85742","39172312.65","4810","38045","44.37"
"AARTIDRUGS","EQ","16-Sep-2022","456.95","456.95","471.00","442.00","447.70","450.90","461.01","376675","173650784.25","14265","138042","36.65"
"AARTIDRUGS","EQ","19-Sep-2022","450.90","447.60","458.40","442.70","454.90","453.20","452.69","117143","53029983.95","9387","44913","38.34"
"AARTIDRUGS","EQ","20-Sep-2022","453.20","455.90","462.00","455.90","460.00","460.35","459.72","109859","50504639.20","5717","51203","46.61"
"AARTIDRUGS","EQ","21-Sep-2022","460.35","467.20","488.60","464.05","473.80","474.65","479.66","1231186","590544935.80","32918","239457","19.45"
"AARTIDRUGS","EQ","22-Sep-2022","474.65","473.95","474.15","462.80","472.00","471.45","468.49","265173","124231248.10","7861","140343","52.93"
"AARTIDRUGS","EQ","23-Sep-2022","471.45","471.45","480.00","464.65","465.00","467.25","475.76","218333","103873634.05","12581","70697","32.38"
"AARTIDRUGS","EQ","26-Sep-2022","467.25","463.00","463.75","440.10","449.00","446.70","449.04","213443","95844847.20","11875","54397","25.49"
"AARTIDRUGS","EQ","27-Sep-2022","446.70","447.00","448.75","439.00","443.90","441.60","443.26","165510","73363491.05","10064","67280","46.86"
"AARTIDRUGS","EQ","28-Sep-2022","441.60","430.00","450.70","430.00","445.00","448.65","443.63","228692","101454274.20","10908","41370","18.09"
"AARTIDRUGS","EQ","29-Sep-2022","448.65","449.40","467.00","448.95","466.90","463.90","460.96","143733","66255691.35","8526","53182","37.00"
"AARTIDRUGS","EQ","30-Sep-2022","463.90","460.00","477.95","454.60","470.00","468.75","470.58","132532","62366326.40","7148","42511","32.08"
"AARTIDRUGS","EQ","03-Oct-2022","468.75","462.00","475.00","462.00","470.00","469.80","468.84","163280","76551782.65","7786","59010","36.14"
"AARTIDRUGS","EQ","04-Oct-2022","469.80","477.45","481.70","470.00","476.90","477.45","476.86","183090","87308163.50","9470","67320","36.77"
"AARTIDRUGS","EQ","06-Oct-2022","477.45","479.85","512.40","471.05","500.30","501.40","496.81","612971","304529655.15","22044","171493","27.98"
"AARTIDRUGS","EQ","07-Oct-2022","501.40","505.00","510.00","487.90","493.00","496.00","502.95","268570","135075947.70","10033","85350","31.78"
"AARTIDRUGS","EQ","10-Oct-2022","496.00","495.00","495.00","480.00","481.00","481.80","485.34","77672","37697408.65","4344","36089","46.46"
"AARTIDRUGS","EQ","11-Oct-2022","481.80","481.80","485.70","460.00","462.05","461.45","474.97","222071","105476859.60","10917","47135","21.23"
"AARTIDRUGS","EQ","12-Oct-2022","461.45","460.85","463.80","444.80","448.60","448.45","452.31","224617","101595768.05","13277","54961","24.47"
"AARTIDRUGS","EQ","13-Oct-2022","448.45","448.00","459.50","441.85","459.50","454.35","448.37","171779","77019758.20","10231","56192","32.71"
"AARTIDRUGS","EQ","14-Oct-2022","454.35","460.95","468.45","458.60","460.00","460.45","462.54","106864","49428675.40","4941","29712","27.80"
"AARTIDRUGS","EQ","17-Oct-2022","460.45","456.30","461.95","456.00","460.50","459.75","459.19","46108","21172467.55","3594","23157","50.22"
"AARTIDRUGS","EQ","18-Oct-2022","459.75","462.05","466.75","455.80","466.00","463.00","462.54","68160","31526780.70","4661","26095","38.28"
"AARTIDRUGS","EQ","19-Oct-2022","463.00","467.00","469.85","459.80","468.50","465.10","465.96","58485","27251619.20","2927","22738","38.88"
"AARTIDRUGS","EQ","20-Oct-2022","465.10","465.20","467.50","454.50","464.95","460.95","463.69","61293","28421186.65","5216","21737","35.46"
"AARTIDRUGS","EQ","21-Oct-2022","460.95","460.90","466.05","458.30","460.00","460.80","461.40","86973","40129391.10","4814","41268","53.99"
"AARTIDRUGS","EQ","24-Oct-2022","460.80","460.00","460.80","453.00","460.40","457.35","457.51","25167","11514053.30","1933","13025","51.75"
"AARTIDRUGS","EQ","25-Oct-2022","457.35","457.50","466.30","456.50","463.60","460.05","461.47","74125","34206569.10","5134","35056","47.29"
"AARTIDRUGS","EQ","27-Oct-2022","460.05","462.50","468.50","462.10","467.85","466.50","465.82","53674","25002263.15","3425","24790","46.19"
"AARTIDRUGS","EQ","28-Oct-2022","466.50","467.25","469.80","464.05","468.00","466.75","466.53","36480","17019108.50","2525","15568","57.43"
"AARTIDRUGS","EQ","31-Oct-2022","466.75","466.75","480.00","464.85","480.00","479.30","475.93","156500","74483136.40","7596","62189","39.74"
"AARTIDRUGS","EQ","01-Nov-2022","479.30","481.70","488.00","473.00","474.25","474.30","478.29","82891","39646095.65","4730","42112","50.80"
"AARTIDRUGS","EQ","02-Nov-2022","474.30","476.50","477.95","464.65","468.00","468.80","471.82","54492","25710166.30","3056","22252","40.84"
"AARTIDRUGS","EQ","03-Nov-2022","468.80","462.05","469.95","462.05","465.00","464.35","465.22","62246","28958338.00","4451","27595","44.33"
"AARTIDRUGS","EQ","04-Nov-2022","464.35","466.70","466.70","458.75","463.40","463.70","463.82","51542","23906021.60","3745","21187","41.11"
"AARTIDRUGS","EQ","07-Nov-2022","463.70","463.60","470.00","463.60","466.95","466.25","466.60","56074","26164081.20","3153","28103","50.12"
"AARTIDRUGS","EQ","09-Nov-2022","466.25","471.00","477.40","463.30","464.00","466.25","470.24","62655","29462986.95","4139","24963","39.84"
"AARTIDRUGS","EQ","10-Nov-2022","466.25","458.50","469.00","458.20","468.95","464.65","462.90","46730","21631215.00","3853","24304","52.01"
"AARTIDRUGS","EQ","11-Nov-2022","464.65","467.20","472.00","464.65","465.00","465.05","465.59","51177","23827679.65","2268","32404","63.32"
"AARTIDRUGS","EQ","14-Nov-2022","465.05","467.35","467.35","460.05","464.00","462.85","462.45","34621","16010377.05","3692","18660","53.90"
"AARTIDRUGS","EQ","15-Nov-2022","462.85","465.30","466.00","460.80","465.00","465.20","464.24","40085","18609196.40","3204","19924","49.70"
"AARTIDRUGS","EQ","16-Nov-2022","465.20","463.00","469.80","455.15","457.75","457.55","461.55","63656","29380179.20","6266","24519","45.15"
"AARTIDRUGS","EQ","17-Nov-2022","457.55","454.10","463.70","452.20","458.80","457.85","459.45","60765","27918577.15","5944","28742","47.30"
"AARTIDRUGS","EQ","18-Nov-2022","457.85","457.00","465.65","455.00","464.50","463.85","462.43","119651","55330130.00","7110","61064","51.04"
"AARTIDRUGS","EQ","21-Nov-2022","463.85","456.00","468.00","456.00","465.00","463.95","463.79","65848","30539955.95","4173","29906","45.42"
"AARTIDRUGS","EQ","22-Nov-2022","463.95","465.90","466.40","459.55","460.45","461.00","463.06","48593","22501686.45","2050","32359","66.59"
"AARTIDRUGS","EQ","23-Nov-2022","461.00","460.45","463.00","451.00","451.80","452.50","457.70","60723","27792844.75","4572","33288","54.82"
"AARTIDRUGS","EQ","24-Nov-2022","452.50","452.00","456.85","441.00","444.00","442.30","447.19","75017","33547170.95","5009","43684","58.23"
"AARTIDRUGS","EQ","25-Nov-2022","442.30","440.50","452.60","440.50","448.10","450.45","447.76","76016","34036907.20","4592","33219","43.70"
"AARTIDRUGS","EQ","28-Nov-2022","450.45","450.45","456.15","450.20","450.70","450.85","452.42","43667","19755690.70","2913","23038","52.76"
"AARTIDRUGS","EQ","29-Nov-2022","450.85","451.00","455.00","448.10","453.95","452.60","451.35","77270","34875904.00","3921","46417","60.07"
"AARTIDRUGS","EQ","30-Nov-2022","452.60","453.30","454.70","448.45","452.00","452.90","451.47","49273","22245211.90","2832","30215","61.32"
"AARTIDRUGS","EQ","01-Dec-2022","452.90","452.10","454.95","447.80","448.95","449.05","451.19","75286","33968497.60","3096","53528","71.10"
"AARTIDRUGS","EQ","02-Dec-2022","449.05","449.00","451.90","444.00","448.00","446.05","447.73","44748","20035189.40","2961","25932","57.95"
"AARTIDRUGS","EQ","05-Dec-2022","446.05","446.05","463.50","444.00","461.00","460.25","454.59","122103","55507377.00","5572","62103","50.86"
"AARTIDRUGS","EQ","06-Dec-2022","460.25","461.00","464.45","459.10","460.80","460.30","460.88","70134","32323588.30","2789","38907","55.48"
,,,,,,,,,,,,,,
